ACC_X,ACC_Y,ACC_Z,GYR_X,GYR_Y,GYR_Z,MAG_X,MAG_Y,MAG_Z
-1423,-595,-181,108,-362,412,2,0,-1
-1821,-3168,-186,110,-394,940,2,0,-1
-3538,-1835,-790,2213,-872,-1964,2,0,-1
-1228,410,-427,420,1300,-927,2,0,-1
313,-16,339,-1737,263,408,2,0,-1
26,246,758,-2004,-766,-492,3,0,-1
-279,-28,258,112,208,-32,3,0,-1
-218,101,163,293,532,-118,3,0,-1
-354,44,6,227,353,200,3,0,-1
-556,-184,-114,-2,312,604,3,0,-1
-1978,-2518,-177,258,-423,2000,2,0,-1
-2886,-2857,-590,1316,-890,-1105,2,0,-1
-2471,-513,-979,1799,612,-1436,2,0,-1
-330,220,-35,-217,793,154,2,0,-1
322,194,398,-1768,-441,86,3,0,-1
-80,198,382,-1041,-470,-338,3,0,-1
-172,129,251,30,43,-75,3,0,-1
-287,180,58,-111,-357,119,3,0,-1
-345,58,-34,102,-19,494,3,0,-1
-1334,-623,-172,326,-118,767,2,0,-1
-1807,-3047,-58,-338,-343,1030,2,0,-1
-3332,-2934,-427,1567,-1775,-2049,2,0,-1
-2284,418,-684,1411,1289,-2449,3,0,-1
-61,285,87,-709,1024,690,3,0,-1
448,24,631,-2267,-531,231,3,0,-1
4,25,277,-403,-327,-158,3,0,-1
-274,146,158,133,98,-121,3,0,-1
-273,226,14,214,134,196,3,0,-1
-370,64,-78,183,212,595,3,0,-1
-1635,-715,-198,9,-305,1035,2,0,-1
-2409,-3559,-241,-504,-508,1085,2,0,-1
-3648,-1810,-637,1608,-1178,-1904,2,0,-1
-1171,154,-131,157,1469,-556,3,0,-1
404,98,445,-1441,408,378,3,0,-1
305,95,482,-1287,-318,54,3,0,-1
-105,46,320,-361,-191,-290,3,0,-1
-344,143,80,-133,-530,-61,3,0,-1
-362,179,26,177,-11,361,3,0,-1
-486,-104,-35,378,35,600,2,0,-1
-1482,-882,-183,298,-399,1315,2,0,-1
-1906,-3771,-59,-297,-416,645,2,0,-1
-3750,-1852,-585,1366,-1585,-3022,2,0,-1
-1333,682,-140,933,2613,-1056,3,0,-1
122,142,368,-1034,796,509,3,0,-1
329,113,465,-1516,-374,212,3,0,-1
-67,67,271,-95,-4,-161,3,0,-1
-324,195,81,115,-302,-60,3,0,-1
-338,181,-16,123,83,275,3,0,-1
-1212,-190,-125,149,-83,750,2,0,-1
-2101,-2856,-172,-420,-627,1381,2,0,-1
-3706,-2393,-298,914,-1757,-2214,2,0,-1
-2157,112,-651,1777,1554,-1487,3,0,-1
1,-45,76,-714,1033,506,3,0,-1
264,112,559,-2663,-1098,137,3,0,-1
71,175,519,-984,-213,263,3,0,-1
-127,26,269,249,-140,334,3,0,-1
-272,89,10,118,-398,401,2,0,-1
-660,-119,-117,433,-139,658,2,0,-1
-1740,-1027,-228,195,-230,1365,2,0,-1
-1709,-3179,14,-536,-428,555,1,0,-1
-3416,-1728,-631,1820,-775,-2244,2,0,-1
-1376,480,-207,938,1858,-1476,2,0,-1
87,226,206,-874,628,222,2,0,-1
240,35,513,-1491,-208,-177,3,0,-1
-265,94,283,-9,-203,-354,3,0,-1
-324,159,63,450,86,18,3,0,-1
-362,91,-38,416,212,335,3,0,-1
-1306,-368,-160,403,-178,506,2,0,-1
-1836,-2436,-97,-260,-501,1408,2,0,-1
-3060,-2505,-277,924,-1117,-1438,2,0,-1
-2370,165,-492,811,952,-1723,3,0,-1
-222,340,94,-825,524,720,3,0,-1
162,78,501,-1803,-240,461,3,0,-1
-53,68,324,-538,-187,338,2,0,-1
-194,99,76,35,-196,443,2,0,-1
-263,71,-63,-35,-143,784,2,0,-1
-653,-103,-137,177,-126,863,2,0,-1
-1722,-1124,-152,-147,-478,1754,1,0,-1
-2188,-2709,-46,-345,-1134,212,1,0,-1
-2956,-1212,-574,1571,259,-1421,2,0,-1
-970,90,116,435,1563,-1173,2,0,-1
112,278,135,-655,416,-667,2,0,-1
-67,244,287,-1008,271,-830,2,0,-1
-329,209,341,-865,-112,-573,3,0,-1
-378,190,96,-1,-345,-71,3,0,-1
-394,96,78,98,-31,365,2,0,-1
-1150,-91,12,445,-300,589,2,0,-1
-2388,-2267,-121,-196,-1134,1475,2,0,-1
-2763,-2530,-314,742,-688,-812,2,0,-1
-2126,-641,-580,1913,1328,-1607,2,0,-1
-442,332,71,-1043,108,-298,2,0,-1
232,255,398,-1215,56,61,3,0,-1
59,211,272,-413,100,-227,3,0,-1
-213,166,144,139,-64,-139,3,0,-1
-288,244,-65,144,-162,271,3,0,-1
-473,39,-173,392,87,554,2,0,-1
-1633,-973,-215,247,-427,1197,2,0,-1
-2254,-3450,-13,-443,-1037,989,2,0,-1
-3176,-1531,-473,1960,-871,-2107,2,0,-1
-1065,254,-20,753,2380,-1031,2,0,-1
208,262,423,-1867,-300,142,3,0,-1
98,244,463,-1727,-589,38,3,0,-1
-118,127,470,-187,461,52,3,0,-1
-260,45,107,413,-11,287,3,0,-1
-437,18,-89,418,-2,504,2,0,-1
-1401,-434,-245,368,-213,752,2,0,-1
-2663,-3197,-71,-518,-1518,1500,2,0,-1
-3060,-1906,-329,897,-850,-1594,2,0,-1
-1610,52,-234,1334,2291,-1439,2,0,-1
-149,281,183,-746,587,-73,2,0,-1
4,323,316,-1384,-312,-179,3,0,-1
-290,301,303,-684,-115,-53,3,0,-1
-216,168,193,14,-7,338,2,0,-1
-241,105,-12,203,-76,520,2,0,-1
-545,-68,-99,224,-25,445,2,0,-1
-1948,-1151,-219,191,-796,1162,2,0,-1
-2572,-3445,-88,-616,-1225,689,2,0,-1
-2942,-1254,-630,2089,312,-1462,2,0,-1
-716,104,62,233,1873,-606,2,0,-1
289,301,368,-1351,-122,-161,2,0,-1
85,390,353,-972,-158,-570,2,0,-1
-244,381,362,-287,44,-334,2,0,-1
-323,190,74,265,-119,161,2,0,-1
-486,156,14,394,116,428,2,0,-1
-1497,-238,-169,512,-37,904,2,0,-1
-2439,-2950,-163,-331,-573,1439,2,0,-1
-3545,-1909,-254,549,-1367,-1386,2,0,-1
-1563,31,-452,1815,1635,-1178,2,0,-1
-26,209,81,-914,401,38,2,0,-1
96,240,372,-1622,-289,-347,2,0,-1
-180,206,291,-597,15,-208,2,0,-1
-140,126,112,371,200,173,2,0,-1
-187,163,-78,180,-47,282,2,0,-1
-540,-47,-177,280,21,360,2,0,-1
-2085,-1474,-35,146,-538,1157,2,0,-1
-2512,-3265,-227,238,-519,39,2,0,-1
-2892,-1189,-934,1801,140,-2137,2,0,-1
-796,492,-126,-524,1406,-541,2,0,-1
76,192,476,-2291,-99,346,2,0,-1
-37,188,562,-1475,-564,93,2,0,0
-231,38,174,282,-41,410,2,0,0
-136,22,76,157,72,538,2,0,0
-183,16,60,108,56,562,2,0,0
-922,-313,-68,241,-492,553,2,0,0
-2450,-3370,-535,-650,-2088,1188,1,0,-1
-3997,-1946,-545,135,-820,-2377,2,0,-1
-1826,-91,-267,976,1862,-1202,2,0,-1
-141,299,204,-613,922,-210,2,0,-1
-60,696,1020,-1933,-939,-39,3,0,-1
-80,260,230,685,668,-55,3,0,-1
-261,180,45,478,185,-10,3,0,-1
-329,211,-86,217,-60,195,2,0,-1
-385,110,-64,21,39,522,2,0,-1
-1200,-390,-265,-7,-261,762,2,0,0
-2790,-3438,-334,-750,-1444,960,2,0,-1
-3592,-1762,-599,836,-475,-1376,2,0,-1
-1394,7,-408,1451,2086,-667,2,0,-1
29,50,134,-1397,207,338,2,0,-1
420,138,480,-2135,-308,-9,2,0,0
61,107,542,-748,-221,-271,2,0,0
-221,118,85,205,-385,-120,2,0,0
-260,180,15,130,-148,115,2,0,0
-383,-38,23,226,-61,396,2,0,0
-1472,-1189,-18,264,-701,735,2,0,-1
-2546,-3933,-193,-105,-1408,-91,2,0,-1
-3896,-1278,-744,1248,-73,-2884,2,0,-1
-910,650,-131,605,2170,-436,3,0,-1
328,-71,314,-1770,302,646,3,0,-1
317,163,675,-1718,-276,-266,3,0,0
-263,197,194,588,-181,-320,3,0,-1
-307,227,-44,438,80,-32,3,0,-1
-298,178,-53,322,198,353,3,0,-1
-602,-151,7,-17,-187,645,3,0,-1
-2723,-3543,76,-2,-1642,1576,2,0,-1
-3233,-2689,-124,297,-1430,-1491,2,0,-1
-2310,-232,-478,1413,1638,-1412,3,0,-1
-237,4,279,-286,1740,445,3,0,-1
171,227,304,-1149,-21,193,3,0,-1
164,81,399,-1064,-134,251,3,0,-1
-136,169,282,-268,-403,-172,3,0,-1
-324,215,88,-37,-399,158,3,0,-1
-337,68,26,452,73,553,3,0,-1
-827,-432,-119,341,-16,831,2,0,-1
-2306,-3789,-281,128,-1232,1331,2,0,-1
-3706,-2560,-540,1071,-1836,-2968,2,0,-1
-1876,699,-399,2003,3287,-1489,3,0,-1
-42,228,384,-711,1535,532,3,0,-1
364,293,548,-2030,-731,207,3,0,-1
-118,241,374,-298,-131,-251,3,0,-1
-350,358,36,-39,-399,29,3,0,-1
-347,283,-37,140,145,460,3,0,-1
-647,-36,-99,68,93,779,2,0,0
-2132,-2908,-163,-74,-702,1426,2,0,-1
-3833,-2670,-261,-300,-1591,-1442,2,0,-1
-2278,-724,-531,1526,943,-1015,2,0,-1
-64,161,192,-294,1486,90,2,0,-1
352,276,417,-1017,233,-207,2,0,-1
-104,174,388,-373,-205,-385,3,0,0
-323,190,47,328,-412,-108,3,0,-1
-301,218,-98,501,9,214,3,0,-1
-303,129,-38,345,172,468,3,0,-1
-1182,-428,-68,128,-189,904,2,0,-1
-2835,-3685,-412,-179,-1446,1120,2,0,-1
-3247,-1819,-362,877,-857,-1526,2,0,-1
-1233,218,-172,616,1494,-698,2,0,-1
391,137,321,-1298,391,319,2,0,-1
133,141,490,-1248,-318,-191,3,0,-1
-82,106,385,-81,-75,-50,3,0,-1
-242,147,109,497,-54,9,3,0,-1
-237,171,50,599,273,299,2,0,-1
-728,-40,0,412,66,554,2,0,-1
-3115,-3574,-41,19,-1499,1485,2,0,-1
-3449,-2134,-349,149,-1056,-1380,2,0,-1
-1880,-392,-254,1279,1953,-1206,2,0,-1
-266,312,123,-1048,184,-182,2,0,-1
144,412,381,-1290,273,-94,3,0,-1
-200,220,429,-705,-547,-64,3,0,-1
-302,332,109,-177,-575,17,3,0,-1
-301,271,48,365,36,394,3,0,-1
-433,35,50,445,63,861,2,0,-1
-1177,-803,46,550,-88,1386,2,0,-1
-2479,-3374,-46,307,-983,1244,1,0,-1
-3288,-2385,-313,1230,-1155,-1959,2,0,-1
-1707,440,-79,365,1368,-1750,2,0,-2
-55,480,95,-731,349,148,3,0,-1
330,176,468,-1703,-196,123,2,0,-1
-266,245,428,-163,-437,-310,3,0,-1
-465,315,-117,631,-185,64,2,0,-1
-371,268,-129,618,597,634,2,0,-1
-692,22,-78,203,348,1113,2,0,-1
-2040,-2149,226,-381,-458,1598,2,0,-1
-3589,-2475,10,-479,-1688,-529,1,0,-1
-2437,-763,-290,1521,1311,-907,2,0,-1
-304,112,99,-33,906,-244,2,0,-1
401,322,254,-999,129,-397,2,0,-1
61,321,454,-789,-380,-539,2,0,-1
-393,269,116,89,-444,-388,2,0,-1
-447,259,-97,638,324,-3,2,0,-1
-501,73,-62,582,605,469,2,0,-1
-1265,-657,-65,112,133,1071,2,0,-1
-2605,-3401,218,-989,-1598,430,2,0,-1
-3325,-1644,-150,663,-714,-1652,2,0,-1
-1195,207,-65,1068,1739,-982,2,0,-1
108,270,146,-1169,-75,233,2,0,-1
41,320,424,-1023,-249,-51,2,0,-1
-150,186,160,309,-27,-37,3,0,-1
-245,181,-124,567,107,52,2,0,-1
-303,172,-152,256,179,263,2,0,-1
-898,-250,-153,-93,-28,719,2,0,-1
-2564,-2975,57,-567,-1071,1472,2,0,-1
-3212,-1990,-28,-70,-1439,-1412,2,0,-1
-1863,-126,-253,1320,1541,-1210,2,0,-1
-116,131,116,-496,745,238,2,0,-1
469,156,477,-1526,-115,95,2,0,-1
36,140,445,-779,-588,-313,2,0,-1
-327,107,72,83,-401,-128,3,0,-1
-288,107,-35,398,314,153,2,0,-1
-674,-83,-83,331,118,463,2,0,-1
-2189,-2302,88,-187,-880,1389,2,0,-1
-2691,-2778,33,-255,-1150,-540,2,0,-1
-2340,-928,-477,2165,1029,-1663,2,0,-1
-661,343,62,511,1652,-679,2,0,-1
62,312,163,-1156,-133,36,3,0,-1
-49,356,293,-1099,-235,-37,3,0,-1
-207,271,253,-179,-32,165,3,0,-1
-262,223,33,367,107,362,3,0,-1
-365,100,-95,377,186,609,2,0,-1
-1166,-612,-111,287,228,937,2,0,-1
-2508,-3381,-75,-526,-933,798,2,0,-1
-3358,-1745,-425,952,-1033,-1744,2,0,-1
-1428,115,-328,1025,1703,-865,2,0,-1
44,140,159,-1401,306,431,2,0,-1
280,228,618,-1695,-233,-33,2,0,-1
-119,194,460,-128,-287,-42,2,0,-1
-261,74,25,611,-53,214,2,0,-1
-321,41,-74,434,115,345,2,0,-1
-1172,-468,-145,155,-313,823,2,0,-1
-2624,-3409,-114,-856,-1613,935,2,0,-1
-3309,-1525,-211,378,-1381,-1855,2,0,-1
-1561,81,-176,1138,1833,-1026,2,0,-1
-2,174,192,-818,639,160,2,0,-1
238,364,601,-1538,-536,-117,3,0,-1
16,243,425,-437,-456,-161,3,0,-1
-317,264,178,296,-206,-147,3,0,-1
-370,196,2,685,172,217,3,0,-1
-696,6,-96,581,283,569,2,0,-1
-2009,-2398,101,489,-172,1564,2,0,-1
-3230,-3136,-277,426,-767,-1290,2,0,-1
-2133,-483,-798,1797,1236,-1578,2,0,-1
-607,132,244,-600,1395,-111,2,0,-1
-121,304,139,-1313,-158,299,2,0,-1
123,165,502,-983,210,365,2,0,-1
37,214,316,-60,-16,-46,2,0,0
-194,166,51,103,-121,-73,2,0,0
-481,-17,-93,-90,88,12,2,0,0
-1865,-1714,-76,-22,-746,1057,2,0,0
-2534,-3635,-457,690,-912,-172,2,0,-1
-2782,-987,-1048,1517,2,-2135,2,0,-1
-673,453,1,-291,1316,-154,3,0,-1
198,77,447,-1568,-312,407,3,0,-1
154,182,428,-707,-325,4,3,0,-1
-108,147,231,324,-65,-158,3,0,-1
-282,172,25,384,-74,93,3,0,-1
-358,63,-41,365,57,347,3,0,-1
-977,-704,-41,300,9,851,2,0,-1
-2766,-3982,-229,-315,-1549,1027,2,0,-1
-3635,-1975,-222,515,-922,-2226,2,0,-1
-1680,219,-141,732,1906,-682,3,0,-1
-79,134,406,-941,979,711,3,0,-1
216,82,264,-840,-728,541,3,0,-1
219,150,407,-266,-4,-17,3,0,-1
-155,175,153,16,-371,-210,3,0,-1
-350,168,32,26,-247,65,3,0,-1
-556,-64,-57,231,-98,406,2,0,-1
-1578,-1826,-115,247,-477,1054,2,0,-1
-2316,-3997,-336,92,-757,0,2,0,-1
-3025,-939,-835,1115,-62,-2678,2,0,-1
-1028,458,273,-706,1330,-100,3,0,-1
98,230,428,-1384,-122,529,3,0,-1
2,128,455,-581,-251,203,3,0,-1
-196,193,231,355,71,44,3,0,-1
-252,172,-16,388,163,279,3,0,-1
-350,36,-45,172,133,513,3,0,-1
-1063,-605,-32,-65,-231,846,2,0,-1
-2500,-3645,-14,-508,-1248,957,2,0,-1
-3375,-2257,-301,1292,-1174,-1828,2,0,-1
-1801,75,-394,1324,1873,-1575,3,0,-1
-154,434,222,-1001,533,377,3,0,-1
497,1,604,-1407,-2,378,3,0,-1
82,46,351,-74,-363,-438,3,0,-1
-373,208,10,548,-42,-359,3,0,-1
-298,232,-50,470,245,102,3,0,-1
-598,-77,-182,303,7,340,3,0,-1
-1861,-2037,-153,-63,-511,1138,2,0,-1
-2749,-3397,-235,-350,-762,-204,2,0,-1
-2304,-787,-649,1099,420,-1535,3,0,-1
-536,184,287,-888,1134,245,3,0,-1
498,608,1330,-1578,-1040,455,3,0,-1
50,32,216,-207,273,196,3,0,-1
-209,206,221,158,426,-100,3,0,-1
-347,238,72,134,-64,287,3,0,-1
-416,49,45,236,26,773,2,0,-1
-1292,-1642,115,555,-259,1247,2,0,-1
-2830,-3963,45,-330,-1672,-286,2,0,-1
-2933,-1075,-672,2055,945,-2415,2,0,-1
-811,214,88,-162,1547,-266,3,0,-1
53,306,219,-1904,-567,378,3,0,-1
111,244,498,-1063,-29,163,3,0,-1
-72,216,324,222,-121,-88,3,0,-1
-285,190,-3,391,-46,-73,3,0,-1
-391,147,-56,320,123,246,3,0,-1
-1151,-833,-11,236,-146,877,2,0,-1
-3015,-3997,-31,-364,-1375,651,2,0,-1
-3155,-1838,-558,1432,-779,-1726,2,0,-1
-1191,145,-34,280,2197,-575,2,0,-1
282,148,402,-1603,151,499,3,0,-1
409,176,570,-1411,-387,-160,3,0,-1
-196,262,276,137,-105,-508,3,0,-1
-454,250,5,440,-12,-35,3,0,-1
-406,156,-29,536,404,424,3,0,-1
-763,-436,-15,492,275,863,2,0,-1
-2606,-3853,-56,165,-1157,1085,2,0,-1
-3373,-2138,-266,344,-1302,-1962,2,0,-1
-1445,240,-217,732,1983,-807,3,0,-1
142,144,455,-1785,29,688,3,0,-1
48,105,358,-720,-1035,365,3,0,-1
48,230,343,465,828,-264,3,0,-1
-296,191,0,687,-27,-12,3,0,-1
-313,129,-93,417,85,334,3,0,-1
-672,-272,-112,308,-40,674,2,0,-1
-2660,-3765,-75,43,-1267,1290,2,0,-1
-3332,-2323,-102,-128,-1152,-1584,2,0,-1
-1786,-201,-333,1037,1724,-977,3,0,-1
188,174,450,-1197,854,338,3,0,-1
204,259,465,-1088,-411,-86,3,0,-1
-33,175,371,-175,-19,-82,3,0,-1
-289,179,94,452,-24,-164,3,0,-1
-371,234,-38,431,233,140,3,0,-1
-438,63,-59,289,240,502,3,0,-1
-1386,-1591,-21,338,-10,1056,2,0,-1
-2820,-3847,-146,-508,-1046,-322,2,0,-1
-2858,-1158,-689,1164,-48,-1817,2,0,-1
-776,292,-62,46,1933,172,3,0,-1
133,98,642,-1520,417,742,3,0,-1
121,-45,287,-604,-554,280,2,0,-1
76,151,265,128,350,-308,2,0,-1
-280,285,91,-35,-93,-302,3,0,-1
-364,206,35,175,68,299,2,0,-1
-786,-543,-73,269,2,779,2,0,-1
-3041,-3997,-367,506,-1332,914,2,0,-1
-3364,-1766,-799,567,-873,-1900,2,0,-1
-1326,-42,-56,111,2161,-260,2,0,-1
-4,290,667,-1464,139,337,2,0,-1
-135,-85,0,47,9,536,2,0,-1
268,345,422,-360,884,-574,2,0,-1
-325,231,112,197,-404,-301,3,0,-1
-421,204,-96,145,-471,56,3,0,-1
-661,-145,-139,249,-88,538,2,0,-1
-2581,-3626,-25,270,-1056,1353,2,0,-1
-3180,-2467,-453,875,-1107,-1442,2,0,-1
-1710,-314,-380,1178,1942,-1033,2,0,-1
-243,366,402,-1229,583,48,2,0,-1
482,524,1328,-1509,-490,341,3,0,-1
310,282,378,-79,673,-347,2,0,-1
-245,213,84,366,-48,-374,3,0,-1
-352,210,-23,249,-104,6,3,0,-1
-532,26,-69,172,-124,436,2,0,-1
-1736,-2240,10,106,-629,1016,2,0,-1
-3404,-3273,-312,-115,-1498,-424,2,0,-1
-2148,-937,-507,1698,1590,-1085,2,0,-1
-464,262,325,-899,1043,-109,3,0,-1
805,986,2121,-1556,-289,381,2,0,-1
503,273,308,21,933,-756,2,0,-1
-265,232,213,-248,-343,-609,3,0,-1
-487,299,18,-39,-467,-123,3,0,-1
-412,208,-29,181,-119,498,3,0,-1
-862,-713,-84,289,-109,896,2,0,-1
-3239,-3997,-94,-161,-1902,954,2,0,-1
-3017,-1719,-561,872,-434,-1676,2,0,-1
-1273,-43,236,557,2438,-552,2,0,-1
-10,231,215,-920,8,421,3,0,-1
265,1124,1312,-1213,-809,727,3,0,-1
245,195,280,9,686,-433,2,0,-1
-150,195,135,-2,-36,-428,3,0,-1
-392,198,12,201,29,-98,3,0,-1
-647,-169,-47,0,48,350,2,0,-1
-2990,-3931,49,362,-1031,1190,2,0,-1
-2915,-2589,-547,1185,-1017,-1562,2,0,-1
-1594,-296,-396,508,1656,-1043,3,0,-1
-275,431,621,-1568,499,271,3,0,-1
-377,239,392,799,207,964,3,0,-1
415,238,355,-1018,1068,98,3,0,-1
-202,300,257,419,-111,-269,3,0,-1
-348,261,-144,380,-282,259,3,0,-1
-507,-25,-260,592,80,536,2,0,-1
-1935,-2775,-23,261,-658,1148,2,0,-1
-3738,-2926,-278,-294,-2090,-1525,2,0,-1
-1996,-138,-411,1158,1383,-735,2,0,-1
97,21,474,-1103,785,631,2,0,-1
576,93,541,-1695,-958,157,2,0,-1
-169,229,332,-365,39,-350,3,0,-1
-190,113,145,145,149,154,3,0,-1
-182,149,29,-56,-109,286,3,0,-1
-291,-29,36,-83,-49,362,2,0,-1
-1521,-2140,193,221,-641,910,2,0,-1
-3098,-3593,-348,-318,-1983,-766,2,0,-1
-2563,-961,-611,1691,1628,-1712,2,0,-1
-765,232,398,-865,1183,-175,3,0,-1
-40,121,659,989,229,497,3,0,-1
412,420,373,-632,637,-233,3,0,-1
-280,279,302,-107,-620,-401,3,0,-1
-453,249,-81,241,-700,96,3,0,-1
-394,81,-206,800,329,418,3,0,-1
-1347,-1383,-128,443,30,898,2,0,-1
-2850,-3882,-318,-603,-1371,-116,2,0,-1
-2426,-1437,-631,1171,470,-1057,2,0,-1
-694,107,590,-655,1451,-324,3,0,-1
180,368,321,-775,-238,370,3,0,-1
78,264,713,-1246,-296,214,3,0,-1
1,104,147,44,245,22,3,0,-1
-285,137,82,-209,21,-72,3,0,-1
-368,125,113,-225,32,98,3,0,-1
-849,-524,65,-128,-284,692,2,0,-1
-3495,-3997,-126,-606,-2433,970,2,0,-1
-2880,-1693,-517,1514,25,-2032,2,0,-1
-1268,48,22,497,2469,-725,3,0,-1
365,587,1189,-1627,140,347,3,0,-1
38,-126,128,372,749,364,3,0,-1
109,166,318,100,302,-352,3,0,-1
-423,258,39,491,-374,-399,3,0,-1
-497,183,-150,357,-143,159,3,0,-1
-1047,-416,-188,310,-151,674,2,0,-1
-2955,-3918,-316,-689,-1509,1261,2,0,-1
-2932,-1996,-304,340,-718,-1145,2,0,-1
-1181,-163,-49,477,2072,-409,2,0,-1
271,256,640,-1017,725,228,3,0,-1
190,351,576,-922,-625,-51,3,0,-1
-71,211,174,-200,163,-51,3,0,-1
-193,146,127,-56,396,16,3,0,-1
-376,195,85,-235,64,113,3,0,-1
-573,-102,-13,-128,-114,618,2,0,-1
-2207,-3062,-4,244,-824,1172,2,0,-1
-3020,-2426,-532,770,-1046,-1117,2,0,-1
-1914,-1215,-680,2207,1439,-937,2,0,-1
-642,229,288,-1098,919,-408,3,0,-1
194,950,1556,-973,-1940,677,3,0,-1
266,75,54,70,772,-69,3,0,-1
-215,204,242,-24,-95,-659,3,0,-1
-460,259,-20,398,-362,-142,3,0,-1
-469,84,-159,296,2,277,3,0,-1
-1341,-1211,-227,161,-249,849,2,0,-1
-2975,-3997,-374,-500,-767,699,2,0,-1
-2314,-1819,-592,2079,514,-1346,2,0,-1
-1149,253,77,-486,1728,-1159,3,0,-1
-224,640,351,-1473,-434,114,3,0,-1
178,208,550,-1609,-695,685,3,0,-1
103,67,349,-99,206,-147,3,0,-1
-260,191,54,162,-193,-206,3,0,-1
-291,155,65,123,70,186,3,0,-1
-1037,-784,-51,209,-541,716,2,0,0
-2933,-3997,-450,-312,-2464,579,2,0,-1
-2882,-1700,-654,1586,303,-1827,2,0,-1
-1134,283,76,289,2317,-678,3,0,-1
96,457,654,-1358,47,348,3,0,-1
-181,-133,151,-389,-467,514,3,0,-1
31,205,315,-54,315,-280,3,0,-1
-339,216,92,406,-259,-184,3,0,-1
-411,165,-117,273,-285,103,3,0,-1
-1048,-629,-135,220,-352,645,2,0,-1
-3185,-3993,-307,-657,-2048,900,2,0,-1
-2772,-1916,-360,828,-406,-823,2,0,-1
-1119,-131,161,490,2160,-417,3,0,-1
171,316,367,-922,247,387,3,0,-1
415,362,944,-1799,-599,341,2,0,-1
90,105,271,58,541,-258,3,0,-1
-338,160,155,174,46,-330,3,0,-1
-399,113,17,321,126,59,3,0,-1
-973,-656,-33,327,-2,604,2,0,-1
-2997,-3997,-212,143,-1878,875,2,0,-1
-2824,-1851,-456,570,-441,-1305,2,0,-1
-1136,7,-51,739,2276,-539,3,0,-1
312,847,1436,-949,872,355,3,0,-1
179,246,53,771,828,199,2,0,-1
88,194,218,-293,147,-275,3,0,-1
-465,265,-84,259,-389,-300,3,0,-1
-435,254,-67,123,116,206,3,0,-1
-815,-350,-95,156,62,770,2,0,-1
-2982,-3997,-159,-411,-2011,1111,2,0,-1
-2984,-1742,-68,-127,-417,-763,2,0,-1
-1324,-357,-3,1268,2293,-315,2,0,-1
127,368,232,-961,154,312,2,0,-1
331,622,1485,-1829,-1027,163,2,0,-1
30,248,259,71,413,-601,2,0,-1
-438,254,18,43,123,-322,3,0,-1
-366,181,-28,46,69,316,2,0,-1
-553,-191,-94,-88,-90,591,2,0,-1
-2328,-3197,35,-59,-1143,1218,2,0,-1
-3258,-2268,-340,-390,-1446,-935,2,0,-1
-1700,-490,-369,1725,2380,-798,2,0,-1
-267,332,230,-699,1117,-129,2,0,-1
43,472,964,-1418,7,149,2,0,-1
21,56,271,-161,714,100,2,0,-1
-47,250,169,36,429,-100,2,0,-1
-242,211,-29,-155,-135,194,2,0,0
-478,-13,-45,-246,-64,382,2,0,0
-2523,-2908,-247,-270,-1527,744,2,0,0
-3804,-2343,-807,261,-1858,-1534,2,0,-1
-1847,-374,-598,1313,1540,-669,2,0,-1
-93,286,419,-1108,721,85,3,0,-1
258,359,607,-1012,-119,221,2,0,-1
77,242,469,-172,-161,94,2,0,-1
-191,118,25,398,-289,59,3,0,-1
-231,118,-90,312,40,255,2,0,-1
-412,-61,-117,30,-54,291,2,0,-1
-1492,-1851,19,79,-795,889,2,0,-1
-3442,-3270,-463,-70,-2172,-625,2,0,-1
-2418,-1059,-501,2053,1764,-1166,2,0,-1
-686,242,280,-142,1458,-381,2,0,-1
61,448,365,-1045,-133,108,2,0,-1
84,284,500,-598,-97,46,2,0,-1
-209,201,227,189,-329,-115,3,0,-1
-353,224,-39,415,45,114,2,0,-1
-403,76,-35,77,-58,387,2,0,-1
-1116,-821,7,-107,-441,862,2,0,-1
-3293,-3992,13,-959,-2450,221,2,0,-1
-2699,-1197,-289,1363,1054,-1340,2,0,-1
-839,43,192,702,2303,-275,2,0,-1
197,280,310,-1298,-315,168,2,0,-1
191,287,504,-1035,-67,-217,3,0,-1
-140,296,332,-21,-89,-392,3,0,-1
-339,268,71,269,-110,-80,3,0,-1
-331,112,9,357,158,360,3,0,-1
-770,-660,-13,369,49,798,2,0,-1
-3530,-3997,-33,-487,-2328,338,2,0,-1
-2902,-1323,-670,1229,114,-1663,2,0,-1
-911,-22,126,345,2622,-175,2,0,-1
61,497,551,-1502,-193,268,3,0,-1
-242,-101,183,198,383,387,3,0,-1
112,274,208,-230,359,-186,3,0,-1
-313,251,38,163,-235,-283,3,0,-1
-430,143,-88,-32,-46,240,3,0,-1
-1008,-819,-24,4,-189,742,2,0,-1
-3304,-3997,-266,-905,-2249,212,2,0,-1
-2766,-1151,-495,612,-428,-1354,2,0,-1
-732,-273,163,386,2505,345,2,0,-1
443,249,490,-1344,-21,221,2,0,-1
146,410,814,-1750,-854,-85,3,0,-1
-108,187,503,-101,352,-141,2,0,-1
-452,214,142,305,-324,-60,2,0,-1
-410,120,-35,842,396,597,2,0,-1
-887,-1169,139,836,82,968,2,0,-1
-3576,-3821,-81,-602,-3047,-606,2,0,-1
-2738,-1487,-394,1494,1134,-1012,2,0,-1
-798,-118,390,-23,2102,-357,2,0,-1
-108,544,235,-765,-49,157,2,0,-1
-322,71,498,143,-424,956,2,0,-1
160,276,207,-58,342,-42,2,0,-1
-209,202,35,268,227,-162,2,0,-1
-302,220,-17,111,158,142,2,0,-1
-483,-9,-150,195,-1,591,2,0,-1
-1826,-2650,296,139,-801,1110,2,0,-1
-3647,-2846,-247,-474,-2331,-1241,2,0,-1
-2205,-841,-276,1163,1631,-833,2,0,-1
-265,296,492,-693,989,-238,2,0,-1
73,129,583,372,-425,321,2,0,-1
273,184,153,135,548,-401,2,0,-1
-252,178,115,90,150,-535,3,0,-1
-422,218,-75,238,-107,-42,3,0,-1
-441,49,-202,121,72,625,3,0,-1
-1430,-1170,-106,-58,-245,1618,2,0,-1
-2913,-3539,-221,-728,-1463,123,2,0,-1
-2902,-1234,-427,935,-18,-1376,2,0,-1
-870,212,38,342,1848,-296,2,0,-1
193,278,436,-951,812,128,2,0,-1
-87,-178,369,29,-536,359,2,0,-1
12,218,137,-580,206,-637,2,0,-1
-293,330,174,-253,-39,-447,3,0,-1
-342,249,68,-292,-297,375,3,0,-1
-479,-251,23,214,-151,711,2,0,-1
-2843,-3910,32,91,-1899,946,2,0,-1
-3440,-2297,-620,154,-1365,-1320,2,0,-1
-1372,-623,0,738,2700,-305,2,0,-1
142,540,696,-1608,229,-210,2,0,-1
-181,606,707,-972,-1277,378,3,0,-1
-9,94,366,723,756,69,2,0,-1
-353,148,-52,766,125,-173,3,0,-1
-315,197,-111,234,268,245,2,0,-1
-298,-39,-10,-194,27,420,2,0,-1
-1714,-2428,174,-375,-973,802,2,0,-1
-3583,-3228,-356,-469,-2036,-1127,2,0,-1
-2171,-759,-525,1979,1971,-1108,2,0,-1
144,470,700,-1114,-553,112,3,0,-1
-108,126,212,457,386,-32,3,0,-1
-183,244,149,-77,-263,-233,3,0,-1
-404,242,41,48,-316,52,3,0,-1
-321,84,-47,406,226,480,2,0,-1
-884,-915,-54,398,362,696,2,0,-1
-3474,-3991,-256,-709,-1498,176,2,0,-1
-2741,-1744,-390,18,-369,-1094,2,0,-1
-1040,-190,35,559,2305,-448,3,0,-1
198,545,1381,-1147,312,173,3,0,-1
-436,-94,55,861,112,700,2,0,-1
171,278,140,-558,1030,-371,3,0,-1
-222,229,115,-273,219,-293,3,0,-1
-210,205,59,-193,-261,193,3,0,-1
-513,-266,-178,-341,-643,429,2,0,-1
-2856,-3484,-199,-798,-1894,802,2,0,-1
-3385,-2313,-677,497,-1539,-1470,2,0,-1
-1575,-237,-441,1235,2173,-735,2,0,-1
-160,186,306,-822,1437,256,3,0,-1
-140,110,728,-632,-2174,1113,3,0,-1
379,214,308,-53,1091,-311,2,0,-1
-200,137,128,-67,174,-657,3,0,-1
-451,286,-14,-137,-428,-262,3,0,-1
-599,60,-102,-97,-289,679,3,0,-1
-1792,-2420,-112,229,-835,1467,2,0,-1
-3040,-3168,-493,-126,-1402,-496,2,0,-1
-2139,-796,-538,691,1078,-1128,2,0,-1
-511,171,675,-1264,1092,56,2,0,-1
-105,10,379,164,-353,609,2,0,-1
308,204,98,-169,1484,246,2,0,-1
147,105,535,-652,984,-487,2,0,0
-240,212,274,-237,-809,-389,3,0,0
-527,-53,-112,-54,-1012,73,3,0,-1
-1636,-1559,-273,263,-1003,721,2,0,-1
-2570,-3582,-642,635,-889,113,2,0,-1
-2574,-1413,-797,1532,275,-1698,2,0,-1
-1167,385,39,-385,1955,-505,3,0,-1
-34,425,579,-1106,1054,497,3,0,-1
-23,-84,108,-621,-2602,1182,3,0,-1
355,16,251,-185,744,-13,2,0,-1
-280,149,90,45,71,-551,2,0,-1
-539,151,-39,19,-208,-21,3,0,-1
-1324,-1180,-34,234,-336,983,2,0,-1
-2663,-3959,-339,-301,-1272,-13,2,0,-1
-3051,-1671,-670,814,-714,-2014,2,0,-1
-1252,260,172,-606,2178,-342,3,0,-1
-319,37,480,735,39,904,3,0,-1
100,216,51,-873,447,228,3,0,-1
130,147,462,-195,921,4,3,0,-1
-213,336,149,452,-561,-2,3,0,-1
-220,298,-137,631,-217,523,3,0,-1
-540,-406,-305,522,-101,735,2,0,-1
-3370,-3997,-571,-312,-1890,1033,2,0,-1
-3118,-2026,-731,680,-739,-1389,2,0,-1
-1573,-234,-49,156,2193,-641,2,0,-1
-70,272,470,-1636,-74,93,3,0,-1
303,902,1999,-3139,-2872,511,2,0,-1
130,-49,261,838,1324,-67,2,0,-1
-167,140,197,1040,827,-156,2,0,-1
-330,146,53,620,278,271,3,0,-1
-488,-100,-164,149,-100,641,2,0,-1
-2246,-3319,-57,94,-872,1254,2,0,-1
-3495,-2529,-509,-473,-1547,-1646,2,0,-1
-1963,-587,-395,990,1650,-802,2,0,-1
-286,356,349,-665,1156,-24,2,0,-1
-159,204,558,-53,-1316,834,2,0,-1
254,182,7,879,1417,179,2,0,-1
16,199,375,450,1064,-262,2,0,-1
-292,258,32,540,-211,-130,2,0,-1
-363,143,-223,797,4,347,2,0,-1
-1374,-1319,-117,450,-147,781,2,0,-1
-3832,-3392,-157,-1337,-2092,-774,2,0,-1
-2861,-1194,-218,973,679,-658,2,0,-1
-270,-42,244,497,1713,-179,2,0,-1
181,360,349,-1267,-401,-100,2,0,-1
-134,193,320,-1215,-1635,476,2,0,-1
-59,198,397,301,616,-105,2,0,-1
-142,171,115,646,453,-12,2,0,-1
-153,126,33,584,210,208,2,0,-1
-719,-58,-89,196,-115,450,2,0,-1
-3222,-3484,-216,-649,-1708,964,2,0,-1
-3264,-1948,-195,225,-315,-1234,2,0,-1
-1553,-431,88,982,2091,-569,2,0,-1
250,350,434,-851,459,-104,2,0,-1
17,567,643,-1246,-734,-302,2,0,-1
-340,281,188,-218,-46,-232,3,0,-1
-354,239,18,-303,-231,7,3,0,-1
-220,145,71,145,191,418,2,0,-1
-333,-109,-38,254,19,554,2,0,-1
-1318,-1230,-116,-164,-581,805,2,0,-1
-3997,-3997,-109,-1469,-2144,141,2,0,-1
-2336,-718,-259,1915,1468,-1285,2,0,-1
-294,189,205,103,2097,165,2,0,-1
422,676,1152,-1963,-816,189,2,0,-1
213,177,417,410,625,-97,2,0,-1
-357,224,100,619,-173,-448,2,0,-1
-458,202,-239,411,100,8,2,0,-1
-329,100,-154,72,621,403,2,0,-1
-903,-660,-107,-35,347,707,2,0,-1
-3208,-3997,-344,-669,-1494,379,2,0,-1
-3176,-1647,-640,238,-991,-1296,2,0,-1
-1220,53,-168,-66,1515,-682,2,0,-1
-534,649,1182,-1419,-3496,849,2,0,-1
195,129,-106,751,914,26,2,0,-1
95,202,302,-506,566,-212,2,0,-1
-355,331,54,100,-716,-280,2,0,-1
-304,287,-168,28,-526,275,2,0,-1
-463,-104,-311,135,-102,457,2,0,-1
-2033,-2681,-85,-193,-776,1139,2,0,-1
-3651,-2529,-443,-791,-2225,-1260,2,0,-1
-2144,-755,-410,1669,1809,-597,2,0,-1
-357,255,677,-436,1812,3,2,0,-1
150,375,421,-531,-147,297,2,0,-1
22,87,277,-500,-1239,639,2,0,-1
30,145,271,256,583,-147,2,0,-1
-299,187,32,57,207,-283,2,0,-1
-511,176,91,-104,39,201,2,0,-1
-1728,-1596,12,252,-483,984,2,0,-1
-3124,-3028,-397,-282,-1168,-703,2,0,-1
-2715,-1327,-467,1432,856,-891,2,0,-1
-910,163,100,81,1403,-315,2,0,-1
28,386,206,-710,689,199,2,0,-1
189,335,447,-780,249,134,2,0,-1
87,201,385,-329,-326,102,2,0,-1
-183,205,56,158,-261,-28,2,0,-1
-337,147,-47,219,-194,347,2,0,-1
-878,-254,-104,84,-270,658,2,0,-1
-2587,-3229,-295,-13,-1448,997,2,0,-1
-3200,-2339,-462,819,-836,-1564,2,0,-1
-2153,-275,-309,544,914,-1183,2,0,-1
-376,385,247,-664,885,87,3,0,-1
461,137,573,-996,489,306,2,0,-1
163,291,373,-590,-420,-339,2,0,-1
-238,293,135,4,-100,-147,3,0,-1
-214,221,76,-25,-14,56,3,0,-1
-499,-18,-59,-114,-202,291,2,0,-1
-1991,-1710,-52,-358,-888,1080,2,0,-1
-2917,-3558,-319,574,-917,456,2,0,-1
-2616,-1347,-710,2460,453,-1677,2,0,-1
-1100,600,-15,-256,1099,-884,3,0,-1
0,386,290,-884,78,487,3,0,-1
338,248,380,-1165,-114,264,3,0,-1
-55,226,306,-264,-219,-123,3,0,-1
-180,239,76,156,-84,-170,3,0,-1
-294,296,-69,151,38,105,3,0,-1
-602,-5,-62,-229,-79,485,2,0,-1
-3541,-3955,34,-561,-2047,1502,2,0,-1
-3125,-2005,-658,1209,-842,-1297,2,0,-1
-1941,-454,-61,953,2472,-715,2,0,-1
-50,416,587,-1399,-64,234,2,0,-1
394,189,445,-561,67,295,2,0,-1
147,79,398,-394,-1,-37,2,0,-1
-134,71,165,214,86,-105,2,0,-1
-225,75,93,234,149,30,2,0,-1
-575,41,-18,244,-28,304,2,0,-1
-1887,-1585,87,252,-551,1236,2,0,-1
-3017,-3169,-205,173,-1318,-208,2,0,-1
-2703,-1240,-625,2502,1224,-1696,2,0,-1
-787,402,-108,109,1565,-743,2,0,-1
30,386,370,-1652,-32,79,2,0,-1
-16,309,460,-1236,-115,136,3,0,-1
-46,179,295,-47,277,109,3,0,-1
-199,151,125,382,179,126,2,0,-1
-355,101,-99,222,0,303,2,0,-1
-1165,-383,-213,-208,-194,714,2,0,-1
-2932,-3686,-533,-623,-1626,1151,2,0,-1
-3211,-1648,-703,280,-926,-1474,2,0,-1
-1332,4,-133,21,1384,-967,2,0,-1
71,458,537,-1416,21,-169,2,0,-1
251,240,566,-660,-1647,522,2,0,-1
300,207,177,906,1606,-112,2,0,-1
-275,143,40,323,156,-256,3,0,-1
-444,235,-34,161,-95,216,2,0,-1
-770,-81,-232,411,24,716,2,0,-1
-2308,-3246,23,-56,-963,1603,2,0,-1
-3813,-2431,-389,-973,-1278,-1250,2,0,-1
-2168,-741,-15,503,1409,-1178,2,0,-1
-129,437,655,-700,282,-256,2,0,-1
-21,493,435,-467,-1360,811,2,0,-1
269,231,347,203,1864,-119,2,0,-1
-73,130,264,-186,297,-329,2,0,-1
-305,242,7,191,-392,-303,3,0,-1
-251,203,-109,341,-31,375,2,0,-1
-995,-152,-225,280,-184,607,2,0,-1
-2856,-3594,-311,-366,-1169,1320,2,0,-1
-3739,-2140,-433,705,-1305,-1349,2,0,-1
-1846,-230,-116,928,1883,-580,2,0,-1
161,121,483,-693,977,398,2,0,-1
643,156,491,-821,172,46,2,0,-1
59,284,407,-501,-298,-443,2,0,-1
-221,289,136,-133,-296,-242,3,0,-1
-334,232,27,155,-23,50,3,0,-1
-639,58,-80,346,69,413,2,0,-1
-1960,-2249,-77,146,-546,1247,2,0,-1
-3805,-3021,-181,-935,-1518,-553,2,0,-1
-2280,-895,-259,1845,1444,-917,2,0,-1
-193,447,242,-158,1099,-255,2,0,-1
306,374,265,-880,220,-99,3,0,-1
115,218,336,-577,194,-128,3,0,-1
-115,133,104,324,184,-184,3,0,-1
-247,207,-152,245,84,-121,3,0,-1
-311,152,-111,16,162,140,3,0,-1
-1003,-495,-120,-128,-154,572,2,0,0
-3287,-3997,-302,-130,-1077,608,2,0,-1
-3748,-2047,-604,612,-1505,-1736,2,0,-1
-1034,297,-228,548,1703,-227,3,0,-1
88,109,338,-1207,361,593,3,0,-1
143,101,262,-1227,-409,403,3,0,-1
276,208,292,-415,235,55,3,0,0
7,235,161,-176,-166,-104,3,0,0
-252,192,25,-178,-483,107,3,0,0
-482,-63,-107,33,-326,438,2,0,0
-1701,-2371,-89,623,-305,1164,2,0,0
-3169,-3902,-762,1082,-1358,-1476,2,0,-1
-2841,-129,-1044,751,773,-2221,3,0,-1
-722,339,258,-488,1653,600,3,0,-1
66,571,986,-688,-2368,1318,3,0,-1
546,26,285,-422,1172,571,2,0,-1
262,82,254,100,1108,-604,2,0,0
-446,320,91,-75,-611,-662,3,0,0
-418,273,1,-322,-620,95,3,0,0
-1314,-1126,17,221,-608,765,2,0,-1
-3757,-3997,-306,-448,-2374,-135,2,0,-1
-2688,-1510,-821,1993,228,-751,2,0,-1
-750,-180,148,1,2597,372,2,0,-1
382,343,617,-1051,424,497,2,0,-1
444,252,640,-984,-322,467,2,0,-1
103,97,301,459,605,51,2,0,-1
-270,103,45,863,245,198,2,0,-1
-294,-7,-105,627,105,427,2,0,-1
-910,-192,-240,561,26,588,2,0,-1
-2638,-2859,62,-918,-1676,1234,2,0,-1
-3698,-2032,-221,-85,-1540,-1457,1,0,-1
-1738,-275,-436,2180,2405,-1358,2,0,-1
-205,744,474,-912,1046,-431,2,0,-1
-115,396,304,-470,-1497,994,2,0,-1
391,310,438,-249,1435,-141,2,0,-1
-170,219,133,875,85,-326,2,0,-1
-393,274,-264,615,-266,126,2,0,-1
-826,138,-474,548,248,702,2,0,-1
-2036,-1713,-196,-462,-150,1703,2,0,-1
-3593,-2442,-212,-1367,-1451,-417,1,0,-1
-2534,-1307,-314,945,1152,-560,2,0,-1
-599,241,219,-637,875,-814,2,0,-1
146,409,407,-1136,32,-304,2,0,0
66,156,507,-808,-318,-273,2,0,0
-101,81,164,115,-429,-136,2,0,0
-193,84,-56,224,-102,69,2,0,-1
-117,85,-33,-4,-148,243,2,0,0
-325,57,-69,60,-173,270,2,0,0
-1544,-1504,-140,92,-1094,858,2,0,0
-3997,-3101,-503,-1362,-2202,-815,2,0,-1
-2805,-1705,-257,1358,1392,-807,2,0,-1
-694,12,333,-467,1266,-443,2,0,-1
204,572,1000,-742,578,-160,3,0,-1
-177,92,122,231,-1120,525,3,0,-1
43,119,154,406,756,-314,2,0,-1
-350,180,4,233,207,-365,3,0,-1
-383,270,-82,-35,-130,139,3,0,-1
-499,95,-242,67,110,658,2,0,0
-1693,-1387,-135,-257,-159,1292,2,0,0
-3690,-3618,-210,-816,-1339,275,2,0,0
-2648,-1261,-941,2642,1050,-1246,2,0,-1
-535,277,133,-1078,1424,-430,2,0,-1
427,467,812,-1574,162,-43,2,0,0
120,271,291,-72,-444,-97,3,0,0
-163,124,34,445,-119,-182,3,0,0
-365,203,-116,234,-90,-110,3,0,-1
-386,150,-59,80,43,323,2,0,0
-580,17,-100,123,-128,623,2,0,0
-2011,-1922,27,184,-837,1587,2,0,0
-3823,-2951,-327,-823,-1536,-477,2,0,-1
-2604,-1447,-289,1014,1243,-1085,2,0,-1
-553,96,234,-1092,591,-739,2,0,-1
242,630,549,-896,400,-257,3,0,-1
101,173,51,614,372,445,2,0,-1
47,99,184,136,408,-212,2,0,0
-364,282,-11,322,-21,-318,3,0,0
-360,251,-100,200,48,329,3,0,0
-404,-12,-88,87,30,593,2,0,0
-1866,-1657,-33,-350,-797,1176,2,0,0
-3806,-3206,-382,-357,-1920,-817,2,0,-1
-2612,-1252,-473,2256,1463,-1138,2,0,-1
-461,294,218,-243,1198,-497,2,0,-1
-6,476,281,-1431,-152,44,3,0,-1
194,83,468,-792,93,417,3,0,-1
-42,95,217,242,-392,-401,3,0,-1
-320,292,-103,366,-166,-344,3,0,-1
-287,95,-2,96,7,274,3,0,-1
-519,-104,-32,-20,-154,420,2,0,-1
-1930,-2782,258,275,-940,1068,2,0,-1
-3781,-3125,-280,-672,-1701,-711,2,0,-1
-2423,-1073,-236,1428,2115,-871,2,0,-1
-382,406,219,-529,776,-226,3,0,-1
64,359,290,-850,352,282,3,0,-1
214,-98,616,-89,100,352,3,0,-1
-140,223,125,332,-301,-341,3,0,-1
-293,254,-43,388,25,-32,3,0,-1
-313,116,-64,322,60,343,3,0,-1
-527,-137,-72,216,100,550,2,0,-1
-1681,-2163,85,57,-484,1236,2,0,0
-3339,-3054,-317,-555,-1547,-809,2,0,-1
-2489,-1162,-192,1134,1325,-970,2,0,-1
-442,176,59,-625,-74,-378,2,0,-1
73,514,115,-403,777,-254,3,0,-1
-39,238,523,64,-154,418,3,0,-1
144,258,217,-243,-252,-298,3,0,-1
-325,206,-44,483,-161,-329,3,0,-1
-403,123,-181,635,196,77,3,0,-1
-652,-148,-188,200,194,424,2,0,-1
-2500,-3119,87,-300,-753,1127,2,0,-1
-3075,-2785,-244,59,-717,-289,2,0,-1
-1476,-1194,-177,793,1437,-90,2,0,-1
22,236,171,-879,286,-170,2,0,-1
275,463,331,-956,93,-248,3,0,0
52,314,461,-345,-384,126,3,0,0
-159,170,89,338,-177,-169,3,0,-1
-372,237,-116,497,-9,-28,3,0,-1
-378,167,-206,357,135,460,3,0,-1
-660,-175,-161,70,119,852,2,0,-1
-2747,-3975,273,-344,-1703,1560,2,0,-1
-3887,-2217,-134,-165,-1929,-1935,2,0,-1
-1208,-48,36,1075,2749,-549,2,0,-1
216,368,299,-1127,6,382,3,0,-1
-161,-250,379,-75,-932,1066,2,0,-1
323,213,320,-162,651,-511,2,0,-1
-252,336,76,-151,-369,-628,3,0,-1
-356,315,-55,49,-87,9,3,0,-1
-349,55,-14,193,280,419,2,0,-1
-1408,-1967,48,385,193,1101,2,0,0
-3245,-3942,-214,616,-1031,-487,2,0,-1
-1933,-343,-773,1460,1355,-1404,2,0,-1
-310,330,350,-786,1408,89,3,0,-1
-39,388,236,-1167,-804,522,3,0,-1
294,249,212,-643,587,354,3,0,-1
73,217,263,-245,29,-29,3,0,0
-197,195,-53,-335,-744,-97,2,0,-1
-275,138,-46,-387,-283,133,2,0,0
-917,-515,24,-149,-211,486,2,0,0
-3131,-3932,-302,-39,-1429,438,2,0,-1
-3109,-2134,-814,1956,310,-1074,2,0,-1
-1301,-15,38,-660,854,-826,3,0,-1
399,878,1123,-1395,106,119,3,0,-1
174,57,194,464,788,349,3,0,-1
-50,44,183,6,-245,-234,3,0,-1
-511,298,-174,338,-494,-222,3,0,-1
-352,229,-132,447,476,597,3,0,-1
-138,-56,-51,715,832,826,2,0,-1
-490,-252,-253,32,-9,492,2,0,-1
-2810,-3491,-93,-569,-1533,1402,2,0,-1
-3093,-2078,-397,449,-100,-1239,2,0,-1
-1461,-265,-96,214,1472,-811,2,0,-1
308,961,1259,-2884,-1889,307,3,0,-1
179,204,412,463,-108,320,2,0,-1
441,347,205,-81,1614,-930,3,0,-1
-282,160,139,-282,-371,-865,3,0,-1
-515,318,9,-510,-791,-316,3,0,-1
-440,65,-155,249,-158,418,3,0,-1
-848,-729,-158,172,483,704,2,0,-1
-3073,-3997,-250,-260,-960,459,2,0,-1
-2546,-1967,-712,1877,36,-1330,2,0,-1
-1505,-76,205,-354,1516,-835,3,0,-1
-80,651,691,-603,642,224,3,0,-1
-14,251,97,215,-17,613,3,0,-1
100,218,239,-350,156,74,3,0,-1
-361,274,29,228,-274,-193,3,0,-1
-443,283,-158,347,4,387,3,0,-1
-352,-85,-204,254,222,779,2,0,-1
-1934,-2511,138,-379,-966,1215,2,0,-1
-3039,-3302,-307,-553,-1505,-415,2,0,-1
-1952,-1423,-524,1703,1622,-1376,2,0,-1
-684,449,420,-1542,759,-989,3,0,-1
-574,64,743,102,-1683,1257,3,0,-1
579,94,-56,618,1516,168,2,0,-1
153,140,210,110,710,-638,3,0,-1
-324,394,50,8,-519,-376,3,0,-1
-323,166,-270,376,-399,313,3,0,-1
-778,-78,-322,116,-18,434,2,0,-1
-3165,-3966,-148,-651,-812,1007,2,0,-1
-3326,-2349,-432,848,-635,-1208,2,0,-1
-1566,-538,-75,134,1674,-690,2,0,-1
-238,707,2028,-760,-1854,149,3,0,-1
-53,211,-14,-205,8,-144,3,0,-1
215,159,346,-1315,212,321,3,0,-1
2,221,225,105,-312,-32,3,0,-1
-229,147,-67,613,-245,249,3,0,-1
-216,-11,-216,680,52,493,3,0,-1
-946,-488,-428,178,151,416,2,0,-1
-2829,-3767,-139,-782,-1026,1073,2,0,-1
-3398,-2376,-710,1087,-1152,-1899,2,0,-1
-1722,462,-114,95,2304,-1396,3,0,-1
29,335,744,-1288,554,603,3,0,-1
422,132,596,-772,-210,351,3,0,-1
93,132,284,329,-19,-309,3,0,-1
-307,268,-14,121,-447,-128,3,0,-1
-229,305,49,-317,-182,247,3,0,-1
-268,18,123,-72,79,611,2,0,0
-1780,-2141,-101,116,-611,934,2,0,0
-3801,-3357,-564,-196,-1466,-994,2,0,-1
-2805,-1367,-708,1487,1262,-1211,2,0,-1
-657,371,289,-1032,997,-156,3,0,-1
189,576,847,-1007,303,531,3,0,-1
152,-33,195,530,-42,198,2,0,-1
-184,172,-125,240,-407,-214,2,0,-1
-212,233,-72,-86,-14,149,2,0,-1
-279,-19,-28,-57,-78,317,2,0,-1
-1387,-1060,-73,-53,-437,853,2,0,-1
-3968,-3825,-266,-869,-1829,-114,2,0,-1
-3135,-1716,-628,1642,870,-1061,2,0,-1
-761,170,173,-495,1311,-522,2,0,-1
712,766,1860,-1789,-406,245,3,0,-1
78,-200,-63,1890,1182,229,2,0,-1
71,122,14,542,648,-662,2,0,-1
-436,216,-71,-44,-117,-565,3,0,-1
-424,252,-22,-524,-457,87,3,0,-1
-419,105,-176,353,257,665,2,0,-1
-1513,-1199,-144,203,499,1457,2,0,-1
-3341,-3929,115,-979,-1346,-413,2,0,-1
-3351,-885,-883,765,448,-1666,2,0,-1
-687,229,307,108,2139,283,3,0,-1
245,248,408,-1071,-46,656,2,0,-1
467,281,520,-896,135,73,2,0,0
-144,334,455,-415,-466,-464,3,0,0
-239,256,14,137,-466,51,2,0,-1
-185,179,-124,518,60,312,2,0,-1
-394,-181,-260,409,-69,483,2,0,0
-2033,-2308,-161,154,-671,1182,2,0,-1
-3660,-3731,-539,855,-1719,-1189,2,0,-1
-2827,-388,-640,1104,1216,-2230,2,0,-1
-567,442,344,-789,987,273,3,0,-1
267,152,414,-1579,-270,788,2,0,-1
357,-208,323,-564,-1211,1016,2,0,-1
285,108,194,719,794,-497,2,0,-1
-318,185,5,172,142,-401,2,0,-1
-361,253,-11,-128,-74,-104,3,0,-1
-917,-263,-93,-75,-349,506,2,0,-1
-3315,-3665,-246,-403,-1282,690,2,0,-1
-3799,-2250,-397,1348,-312,-1185,2,0,-1
-1306,-562,-288,1185,1647,-135,2,0,-1
362,196,286,-1792,-177,183,2,0,-1
231,288,375,-792,-60,51,3,0,-1
189,64,362,-392,235,288,2,0,-1
-135,104,85,520,170,-327,2,0,-1
-347,246,-106,172,23,-214,3,0,-1
-342,141,-39,189,569,186,2,0,-1
-726,-405,-24,-70,429,569,2,0,0
-3111,-3997,-495,188,-1465,1071,2,0,-1
-3755,-2184,-803,1260,-1260,-2205,2,0,-1
-1379,355,-266,354,1754,-747,3,0,-1
362,423,1097,-1759,6,637,3,0,-1
-155,-59,-38,-67,652,72,3,0,-1
57,209,211,54,411,-267,3,0,-1
-272,267,18,203,-315,-196,3,0,-1
-322,262,-93,97,-110,170,3,0,-1
-584,-37,-193,215,24,522,3,0,-1
-1897,-2889,10,109,-407,1421,2,0,-1
-3606,-3353,-290,404,-2097,-1360,2,0,-1
-2106,-437,-828,1708,1313,-1155,2,0,-1
-138,300,224,-759,1595,301,3,0,-1
326,164,685,-2196,-753,394,3,0,-1
112,-96,304,-231,-80,343,2,0,-1
102,70,192,94,723,-362,2,0,-1
-236,231,109,2,7,-411,3,0,-1
-392,177,-8,-85,-290,41,3,0,-1
-1056,-675,20,-11,-403,620,2,0,-1
-3052,-3997,-620,-270,-1706,147,2,0,-1
-3262,-1852,-710,1785,-235,-2086,2,0,-1
-1380,88,-117,207,2052,-70,3,0,-1
102,462,576,-1555,254,690,3,0,-1
-289,-89,-18,-553,-1262,1052,3,0,-1
267,96,240,139,709,461,2,0,-1
-103,187,72,463,88,-32,2,0,-1
-287,175,-57,168,-28,252,2,0,-1
-526,-142,-168,311,-91,477,2,0,-1
-2032,-2928,65,44,-1199,964,2,0,-1
-3439,-3153,-113,-634,-1805,-1596,2,0,-1
-2430,-786,-436,727,984,-1745,2,0,-1
-420,493,390,-831,1020,-604,3,0,-1
-27,415,410,-1031,-303,237,3,0,-1
146,197,202,-38,278,300,3,0,-1
-55,210,131,176,128,-84,3,0,-1
-223,252,27,48,-102,-121,3,0,-1
-366,233,9,42,-16,154,3,0,-1
-1179,-609,-33,229,-192,828,2,0,-1
-3422,-3950,-248,-438,-1820,1285,2,0,-1
-2973,-2278,-493,2207,144,-1104,2,0,-1
-1358,-39,-121,703,1782,-940,3,0,-1
101,535,393,-1329,0,280,3,0,-1
321,361,367,-849,3,397,3,0,-1
122,95,280,-147,92,-113,2,0,-1
-340,213,74,130,-360,-318,3,0,-1
-413,225,-69,121,-86,189,3,0,-1
-430,-48,-67,352,338,665,2,0,-1
-1650,-1858,129,378,-168,1381,2,0,-1
-3105,-3388,-114,-384,-1609,-366,2,0,-1
-2641,-1591,-440,1890,856,-1523,2,0,-1
-778,509,254,-693,1595,-1173,3,0,-1
-158,488,320,-1184,252,56,3,0,-1
140,90,424,-370,533,415,3,0,-1
-136,225,111,535,-198,-228,3,0,-1
-376,333,-159,441,-147,-142,3,0,-1
-449,211,-135,266,88,452,3,0,-1
-837,-84,-206,209,36,811,2,0,-1
-2601,-3020,-14,-457,-1718,1726,2,0,-1
-2994,-2195,-261,-739,-1193,-521,2,0,-1
-1794,-1112,-109,1159,1442,-832,2,0,-1
-261,347,296,-928,325,-583,2,0,-1
234,350,304,-553,326,-72,2,0,-1
210,240,319,-758,-200,-133,3,0,-1
-180,260,207,123,-271,-268,3,0,-1
-453,259,17,403,-131,220,3,0,-1
-533,48,-63,612,375,713,2,0,-1
-1369,-650,-209,542,287,1195,2,0,-1
-2920,-3443,-326,-856,-1531,949,1,0,-1
-3005,-2137,-357,464,-644,-1007,2,0,-1
-1558,-276,-200,439,1145,-1269,2,0,-1
-146,554,197,-679,624,-544,3,0,-1
185,265,389,-732,-53,-224,3,0,-1
-94,228,281,-485,-564,-392,3,0,-1
-303,296,206,-21,-301,-230,3,0,-1
-181,230,93,484,10,161,3,0,-1
-371,110,-21,600,-25,327,3,0,-1
-848,-214,-4,569,93,916,2,0,-1
-3378,-3954,-226,326,-1477,1542,2,0,-1
-3331,-2513,-161,429,-28,-1318,2,0,-1
-1918,-652,6,498,1299,-1116,2,0,-1
-32,496,131,-842,275,-303,3,0,-1
220,452,521,-1283,147,72,3,0,-1
134,163,564,-848,-295,-167,3,0,-1
-389,197,156,76,-590,-231,3,0,-1
-341,267,-83,555,147,121,3,0,-1
-165,199,-81,677,544,513,3,0,-1
-268,6,-161,431,396,664,2,0,-1
-1818,-1919,-120,-165,-252,1012,2,0,-1
-3538,-3450,-572,-358,-921,-527,2,0,-1
-2319,-888,-411,1127,1948,-795,2,0,-1
-320,368,316,-282,1190,-104,3,0,-1
190,390,229,-761,-130,331,2,0,0
533,124,677,-1202,-457,112,2,0,0
-162,239,179,-193,-1291,-549,2,0,0
-435,261,-21,34,-450,-203,3,0,-1
-363,181,-92,204,-160,152,2,0,-1
-476,-99,-165,-33,-132,366,2,0,-1
-1546,-2102,137,6,-721,1085,2,0,-1
-3540,-3713,-418,-33,-2258,-1036,2,0,-1
-2163,-500,-403,1131,2229,-1651,2,0,-1
-189,874,813,-1414,746,-193,3,0,-1
-488,-24,41,789,947,1217,3,0,-1
710,83,352,-975,1341,524,2,0,-1
-96,221,198,513,-571,-791,3,0,-1
-484,308,-200,-174,-1057,-204,3,0,-1
-355,266,-117,242,56,305,2,0,-1
-635,-201,-136,409,207,572,2,0,-1
-2199,-3306,99,14,-695,1295,2,0,-1
-3463,-2255,-249,727,-1358,-1808,2,0,-1
-1952,-309,-167,826,1979,-896,2,0,-1
-130,322,375,-1245,681,357,3,0,-1
295,247,729,-1551,-354,515,3,0,-1
103,88,290,-451,-299,454,3,0,-1
2,53,202,159,291,225,2,0,-1
-181,139,104,167,263,36,3,0,-1
-360,11,-62,184,-62,262,2,0,-1
-1172,-1312,-134,-7,-228,887,2,0,-1
-2964,-3511,-311,336,-1491,-1342,2,0,-1
-2864,-904,-795,1454,562,-2021,2,0,-1
-610,425,-89,-350,1677,-61,3,0,-1
257,1175,2418,-159,-1339,1156,3,0,-1
495,105,102,-288,1404,-212,3,0,-1
-3,118,174,-100,-319,-468,3,0,-1
-357,293,-110,270,-531,-331,3,0,-1
-335,302,-150,188,-2,184,3,0,-1
-497,-84,-189,259,142,522,3,0,-1
-2430,-3166,97,-204,-1071,1074,2,0,-1
-3363,-2608,-393,424,-452,-536,2,0,-1
-1735,-844,-182,283,1806,-303,2,0,-1
-47,406,198,-2670,-732,348,3,0,-1
-34,110,141,-456,-574,1269,2,0,-1
881,132,433,-181,1843,466,2,0,-1
99,77,342,322,-69,-744,2,0,-1
-324,220,-182,63,-434,-427,2,0,-1
-240,207,-171,74,-198,90,2,0,-1
-400,-48,-269,-84,-248,198,2,0,-1
-1852,-2829,24,-39,-327,806,2,0,-1
-3615,-3465,-468,481,-1712,-1533,2,0,-1
-2605,-810,-571,1117,1423,-1533,2,0,-1
-647,674,393,-754,1642,-205,3,0,-1
-190,275,607,-672,-2999,1257,3,0,-1
297,12,-96,737,1083,209,3,0,-1
-120,69,35,450,907,-598,3,0,-1
-333,294,-14,-354,-103,-347,3,0,-1
-187,192,-9,-199,-205,251,3,0,-1
-554,-391,-157,-60,-228,378,3,0,-1
-2897,-3975,80,-343,-2145,914,2,0,-1
-3390,-2606,-341,-158,-1243,-1121,2,0,-1
-1754,-744,-89,530,2031,-746,3,0,-1
-256,485,368,-815,1071,-156,3,0,-1
-85,237,330,86,-1206,983,3,0,-1
304,224,186,-456,779,287,3,0,-1
-146,47,185,289,311,-187,3,0,-1
-389,186,-104,383,-47,-54,3,0,-1
-201,183,-84,132,110,434,3,0,-1
-458,-300,-149,-119,-200,590,2,0,-1
-2539,-3993,-113,-327,-1656,1057,2,0,-1
-3288,-2609,-516,505,-1434,-2010,2,0,-1
-1948,-254,-450,1295,2452,-1494,3,0,-1
-249,511,426,-927,1106,56,3,0,-1
-536,130,760,-168,-1826,1482,3,0,-1
552,333,294,170,774,56,3,0,-1
-101,242,46,115,-322,-340,3,0,-1
-390,304,-139,-49,-317,-152,3,0,-1
-367,123,-173,-153,165,333,3,0,-1
-1323,-1687,-74,-420,-342,986,2,0,-1
-3192,-3682,-306,-949,-2301,-709,2,0,-1
-2714,-1529,-574,833,502,-660,2,0,-1
-834,211,253,-304,1726,-77,3,0,-1
-6,348,155,-459,468,865,3,0,-1
-9,77,357,-1220,-1038,914,2,0,-1
334,110,308,-508,365,665,2,0,-1
291,120,106,502,275,101,2,0,0
58,79,35,-126,-203,-96,2,0,-1
-373,-146,-87,-258,-277,-303,2,0,-1
-2406,-3454,10,65,-1325,395,2,0,-1
-3948,-2429,-439,-189,-1439,-1500,2,0,-1
-2534,-1356,-214,1084,1316,-787,2,0,-1
-442,252,292,-486,611,-268,3,0,-1
66,373,242,564,173,182,3,0,-1
56,273,-13,-151,-139,21,3,0,-1
-144,164,0,68,408,35,3,0,-1
-66,238,20,312,591,92,3,0,-1
-99,152,66,-6,70,269,3,0,-1
-400,-89,-10,38,-97,183,3,0,-1
-2259,-3558,112,224,-702,1061,2,0,-1
-3507,-3340,-616,179,-1551,-1584,2,0,-1
-1752,2,-690,1372,2269,-1390,3,0,-1
-98,643,743,-1140,1146,37,3,0,-1
-208,286,241,-584,-1475,849,3,0,-1
318,120,222,-96,1204,296,3,0,-1
-237,180,-4,615,210,-427,3,0,-1
-334,326,-136,-464,-270,236,3,0,-1
-293,-35,-27,-91,-75,659,2,0,-1
-927,-1190,-141,-177,-298,706,2,0,-1
-3309,-3997,-373,-616,-2298,-240,2,0,-1
-2837,-1950,-643,1273,347,-1318,2,0,-1
-1141,119,244,69,1588,-686,3,0,-1
49,720,760,-1046,-40,362,3,0,-1
-347,-62,-22,329,78,786,3,0,-1
205,178,123,296,840,224,3,0,-1
-88,199,-54,23,-149,-72,3,0,-1
-202,213,10,-82,42,91,3,0,-1
-531,-21,-90,195,-14,444,2,0,-1
-1776,-2487,113,366,-302,1178,2,0,-1
-3501,-3341,-242,-564,-1778,-965,2,0,-1
-2472,-936,-516,702,506,-1463,2,0,-1
-578,489,207,-752,1042,-385,3,0,-1
15,423,479,-1017,-245,593,3,0,-1
161,135,118,-328,449,429,3,0,-1
98,180,198,162,557,112,3,0,-1
-140,272,-78,225,13,67,2,0,-1
-182,281,-78,67,153,298,3,0,-1
-541,-274,-163,-24,0,572,2,0,-1
-3372,-3997,-418,-378,-1547,947,2,0,-1
-3815,-2106,-498,674,-1821,-2503,2,0,-1
-1850,10,-73,338,1527,-439,3,0,-1
50,417,279,-993,44,867,3,0,-1
451,37,255,-913,-1257,1325,2,0,-1
584,27,243,487,1017,-105,2,0,-1
-175,157,-66,315,-103,-709,2,0,-1
-403,239,0,-109,179,-237,3,0,-1
-361,29,-15,-113,-189,77,3,0,-1
-1937,-2670,294,-49,-942,716,2,0,-1
-3229,-2938,-44,-442,-1798,-809,2,0,-1
-2437,-1441,-324,1572,1606,-489,2,0,-1
-458,286,296,-420,875,-8,3,0,-1
245,470,600,-298,31,699,3,0,-1
403,152,193,-39,368,329,2,0,-1
-52,153,-10,324,226,-284,3,0,-1
-207,234,-41,245,325,-221,3,0,-1
-290,120,-44,111,58,109,2,0,-1
-851,-325,-239,-161,25,407,2,0,-1
-3219,-3997,-260,-737,-1470,1070,2,0,-1
-2963,-2131,-396,1198,-64,-1118,2,0,-1
-1491,-348,-15,518,1461,-648,2,0,-1
115,814,1347,-1125,-215,109,3,0,-1
-69,314,116,-28,112,618,2,0,-1
394,130,247,-301,1520,548,2,0,-1
58,222,250,-176,365,-250,2,0,0
-189,231,-42,-79,-256,102,2,0,0
-436,-103,-176,207,70,348,2,0,0
-2239,-2814,-111,177,-1019,1113,2,0,-1
-3499,-3045,-574,-135,-1620,-1175,2,0,-1
-2470,-629,-442,618,655,-1655,2,0,-1
-661,655,256,-213,521,-221,3,0,-1
128,367,175,-444,294,757,3,0,-1
302,141,197,-177,105,682,2,0,-1
-36,253,-11,0,-217,191,2,0,-1
-81,250,-45,197,231,359,2,0,-1
-161,108,-68,90,160,448,2,0,-1
-809,-413,4,-76,25,473,2,0,-1
-2949,-3559,-305,-677,-1984,370,2,0,-1
-3947,-1958,-430,-97,-830,-1729,2,0,-1
-1968,-277,-1,662,1350,-823,2,0,-1
-539,568,94,-547,555,324,2,0,-1
-239,383,222,-940,315,888,2,0,-1
358,-31,552,-871,170,1402,2,0,0
473,-8,142,466,-289,656,2,0,0
183,50,-266,799,-118,177,2,0,-1
66,-92,-223,144,127,180,2,0,-1
-627,-493,-231,21,-165,-135,2,0,-1
-2394,-3302,152,-663,-1244,-359,1,0,-1
-3997,-2545,-409,37,-1756,-2926,2,0,-1
-2469,479,-246,226,926,-1649,3,0,-1
-249,233,134,-1206,47,968,3,0,-1
29,414,488,-1540,-2142,1043,3,0,-1
316,192,284,479,1367,551,2,0,-1
294,110,182,1193,935,320,2,0,-1
-25,112,-220,366,-313,252,2,0,-1
-127,-86,-172,279,126,189,2,0,-1
-1168,-1295,2,170,-189,97,2,0,-1
-3631,-3997,-151,-1087,-2394,-1584,2,0,-1
-3661,-737,-351,373,490,-1747,3,0,-1
-556,239,928,105,1183,670,3,0,-1
235,113,177,-279,-190,1108,3,0,-1
496,-1,250,142,791,765,2,0,-1
481,55,94,326,361,163,2,0,-1
224,147,-39,583,237,-316,2,0,-1
-157,131,-98,56,48,-277,2,0,-1
-732,-138,-52,68,240,-291,2,0,-1
-2300,-3733,382,43,-866,837,2,0,-1
-3997,-2524,-85,18,-1348,-1957,2,0,-1
-2389,-894,-227,88,799,-711,3,0,-1
-283,524,812,-657,1288,173,3,0,-1
186,401,161,203,370,564,3,0,-1
133,116,85,-270,-94,657,3,0,-1
138,126,16,356,330,254,2,0,-1
-102,198,-132,377,14,83,2,0,-1
-232,102,-95,-46,56,327,2,0,-1
-671,-409,26,-2,112,462,2,0,-1
-2766,-3969,184,-322,-1878,911,2,0,-1
-3372,-2292,-438,-303,-702,-1591,2,0,-1
-2091,-551,135,1003,1160,-1283,3,0,-1
-450,639,178,-526,-10,-197,3,0,-1
184,470,410,-165,-378,330,3,0,-1
95,318,149,-231,-476,125,3,0,-1
-213,213,-20,63,-137,-80,3,0,-1
-333,233,-109,171,324,0,3,0,-1
-383,74,-55,63,485,294,3,0,-1
-1320,-1185,42,105,464,827,2,0,-1
-2569,-3718,-2,-1061,-1630,351,2,0,-1
-2547,-2247,-354,1738,368,-894,2,0,-1
-1328,87,0,450,835,-575,3,0,-1
69,550,21,-19,550,419,3,0,-1
184,112,328,-837,121,611,2,0,-1
10,104,241,-399,396,-9,2,0,-1
-186,220,68,246,237,-132,2,0,-1
-249,195,-108,192,119,144,2,0,-1
-402,-81,-134,-85,328,114,2,0,-1
-2479,-2933,-43,-665,-1247,1043,2,0,-1
-3099,-2620,-623,-413,-1332,-354,2,0,-1
-2128,-991,-186,1896,1581,-693,2,0,-1
-305,444,-116,322,337,-142,2,0,-1
206,425,484,-560,893,3,2,0,-1
50,305,455,-183,-185,-159,2,0,-1
-126,277,127,-223,-537,-494,3,0,-1
-442,324,-95,182,-79,-316,3,0,-1
-260,195,-106,392,373,344,3,0,-1
-781,-169,-187,235,186,641,2,0,-1
-2888,-3574,-150,-760,-1557,1554,2,0,-1
-2877,-2398,-3,243,-234,-611,2,0,-1
-1819,-934,-187,1500,1310,-548,2,0,-1
75,765,-40,-560,-204,-527,2,0,-1
59,421,417,-1416,-100,-182,2,0,-1
-64,22,442,-583,-345,-51,3,0,-1
-331,193,-44,305,-230,-158,3,0,-1
-271,224,-100,660,410,411,3,0,-1
-150,-105,-3,338,279,736,2,0,-1
-655,-93,-11,158,193,501,2,0,-1
-3997,-3528,-222,-973,-2480,1365,2,0,-1
-2581,-2498,-227,267,805,-541,2,0,-1
-1456,-263,207,-335,133,-1455,2,0,-1
-122,692,174,-226,323,-706,3,0,-1
229,314,366,-232,178,-239,3,0,-1
-245,150,259,-345,-604,-413,3,0,-1
-517,233,20,532,-98,-323,3,0,-1
-321,198,-234,1032,482,256,3,0,-1
-18,80,-226,592,710,516,3,0,-1
-602,62,-41,-363,233,625,3,0,-1
-3301,-3002,89,-1011,-1813,1546,2,0,-1
-2854,-2400,-261,564,650,-290,2,0,-1
-1336,-699,233,643,464,-408,2,0,-1
211,424,33,97,10,-89,2,0,-1
483,228,402,-931,291,-193,2,0,-1
-135,113,523,-555,-367,-649,3,0,-1
-433,203,-46,924,223,-370,3,0,-1
-287,178,-153,763,591,204,3,0,-1
-190,45,-178,498,597,437,2,0,-1
-803,-117,-137,-64,242,481,2,0,-1
-3252,-3380,-106,-914,-1886,1197,2,0,-1
-3150,-2167,-126,322,701,-289,2,0,-1
-1399,-557,33,415,615,-616,2,0,-1
67,546,94,-214,541,-452,2,0,-1
200,309,460,-793,37,-252,2,0,-1
-167,126,316,-439,-673,-98,3,0,-1
-202,178,-36,630,151,-12,3,0,-1
-180,119,-164,611,266,341,2,0,-1
-127,4,-147,233,210,513,2,0,-1
-316,15,-52,114,310,389,2,0,-1
-2923,-2933,180,-493,-1581,1378,2,0,-1
-3349,-2393,-414,-313,-368,-642,2,0,-1
-2166,-1244,69,336,979,-1045,2,0,-1
-462,338,264,-842,-205,-914,2,0,-1
90,661,281,-261,543,-501,3,0,-1
-290,271,399,-515,-563,90,3,0,-1
-297,347,151,-216,-375,-219,3,0,-1
-278,239,-106,515,81,330,3,0,-1
-108,6,-134,461,261,746,3,0,-1
-416,-139,-191,-175,106,585,2,0,-1
-1964,-2290,180,-393,-99,1124,2,0,-1
-3526,-3286,-354,-256,-1447,77,2,0,-1
-2076,-1335,-529,2850,1849,-1016,2,0,-1
-457,595,67,-872,-86,-812,2,0,-1
2,599,114,-742,232,-30,2,0,-1
6,261,535,-889,24,-31,2,0,-1
-482,329,276,43,-734,-162,2,0,-1
-395,279,-182,651,84,361,3,0,-1
-120,-7,-138,644,775,753,2,0,-1
-473,-289,-147,-130,14,479,2,0,-1
-2381,-3143,119,-696,-984,828,2,0,-1
-3985,-2138,-358,-908,-1355,-1595,2,0,-1
-1991,-802,-358,1532,1148,-802,2,0,-1
-246,554,78,-618,-75,-338,2,0,-1
192,346,222,-678,224,64,3,0,-1
171,370,340,-834,-465,-185,3,0,-1
-161,317,130,-196,-424,-177,3,0,-1
-302,235,-4,69,51,-43,3,0,-1
-371,20,-88,128,146,430,2,0,-1
-681,-568,-27,-188,172,648,2,0,-1
-3129,-3736,48,-399,-1721,955,2,0,-1
-3088,-2314,-499,919,-399,-751,2,0,-1
-1653,-656,-236,1131,1658,-1022,2,0,-1
-288,787,164,-900,-285,-221,3,0,-1
-3,423,221,-597,226,530,3,0,-1
147,139,321,-284,19,464,2,0,-1
-164,230,69,560,-10,93,2,0,-1
-269,287,-120,583,125,408,2,0,-1
-479,64,-202,382,204,630,2,0,-1
-1349,-764,-82,-331,-490,956,2,0,-1
-2773,-3423,125,-1371,-1466,389,1,0,-1
-3265,-1890,-144,723,-266,-1753,2,0,-1
-1568,118,49,403,810,-1582,2,0,-1
-61,558,45,-498,38,-177,3,0,-1
85,280,364,-1019,-121,37,3,0,-1
-17,226,134,-177,-305,-118,3,0,-1
-194,255,-28,115,154,-214,3,0,-1
-275,258,-11,67,328,301,3,0,-1
-312,95,40,-43,426,465,2,0,-1
-1715,-1369,107,55,168,899,2,0,-1
-2984,-3934,-221,-328,-1143,294,2,0,-1
-2627,-1731,-468,937,165,-991,2,0,-1
-1072,110,154,-533,463,-645,3,0,-1
-144,626,86,-175,425,164,3,0,-1
155,259,136,-204,266,678,2,0,-1
314,104,260,-217,119,239,2,0,-1
-194,244,-14,226,-153,-169,2,0,-1
-261,157,11,228,53,172,2,0,-1
-525,-116,-69,261,-29,303,2,0,-1
-1747,-2120,73,295,-238,1023,2,0,-1
-3124,-3232,-144,-226,-1684,-521,2,0,-1
-2535,-1621,-498,1645,1040,-1124,2,0,-1
-824,318,176,-424,977,-1067,2,0,-1
-232,818,410,-757,105,-81,3,0,-1
95,356,96,-342,572,182,3,0,-1
2,251,192,-67,111,-210,3,0,-1
-220,312,-42,482,-14,-168,3,0,-1
-246,190,-202,252,-40,270,3,0,-1
-451,-145,-285,-14,53,462,2,0,-1
-2147,-3001,228,-198,-705,1364,2,0,-1
-3368,-2924,-463,266,-1686,-924,2,0,-1
-2199,-1084,-335,962,1654,-905,2,0,-1
-655,442,177,-846,401,-339,3,0,-1
-538,584,545,-895,-2284,1155,3,0,-1
577,200,-3,544,539,-99,2,0,-1
-105,129,229,-470,-64,-515,3,0,-1
-432,302,-75,-373,-418,-238,3,0,-1
-265,226,-137,247,224,535,3,0,-1
-402,-212,-99,119,259,686,2,0,-1
-2020,-3052,219,134,-429,1192,2,0,-1
-3546,-3072,-412,-3,-1984,-1527,2,0,-1
-2462,-849,-322,1184,1627,-1253,2,0,-1
-165,947,1892,-1347,-44,25,3,0,-1
-15,528,16,396,442,417,3,0,-1
490,115,406,-744,876,333,2,0,-1
61,125,24,438,-490,-173,3,0,-1
-219,232,-326,478,-168,-63,2,0,-1
-333,111,-259,72,153,256,2,0,-1
-840,-390,-227,-505,461,401,2,0,-1
-2810,-3942,95,-900,-869,1174,2,0,-1
-3409,-2304,-297,541,-1946,-1299,2,0,-1
-1794,-467,-100,415,1236,-807,2,0,-1
-376,645,152,-751,-170,-10,3,0,-1
198,166,307,-467,-399,562,3,0,-1
400,183,255,64,457,-17,2,0,-1
-36,210,-66,469,-110,-296,2,0,-1
-267,215,-199,152,-22,-38,3,0,-1
-512,25,-139,-161,-146,223,2,0,-1
-1648,-1378,164,-289,-324,913,2,0,-1
-3167,-3365,62,-649,-1588,-16,2,0,-1
-2485,-1940,-261,1919,1029,-674,2,0,-1
-919,-7,179,-417,168,-812,2,0,-1
-22,697,26,-673,-77,-333,3,0,-1
115,180,314,-696,79,57,3,0,-1
-131,163,149,23,-103,-182,3,0,-1
-360,272,12,289,54,-93,3,0,-1
-327,191,-99,397,241,485,3,0,-1
-534,-57,-115,241,316,674,2,0,-1
-1560,-2217,171,72,-308,1544,2,0,-1
-3189,-3086,22,-1070,-2068,-297,2,0,-1
-2615,-1694,-377,1683,1022,-919,2,0,-1
-598,37,163,-137,1023,-756,2,0,-1
-68,515,156,-660,107,-187,3,0,-1
-281,-99,115,21,-739,757,3,0,-1
230,129,166,-385,570,-1,3,0,-1
-100,209,73,147,190,-245,3,0,-1
-302,221,-52,-42,-82,81,3,0,-1
-492,-80,-41,110,200,492,2,0,-1
-2800,-3565,3,153,-604,1293,2,0,-1
-3280,-2783,-366,224,-1137,-1349,2,0,-1
-2212,-641,-320,487,659,-927,3,0,-1
-314,360,108,523,180,649,3,0,-1
479,314,-3,-424,333,462,3,0,-1
228,113,265,-528,334,-97,3,0,-1
-153,204,-22,253,-222,-149,3,0,-1
-209,180,-122,393,235,163,2,0,-1
-276,52,-138,667,548,371,2,0,-1
-642,-143,-119,212,345,360,2,0,-1
-2531,-3659,216,-358,-1726,963,2,0,-1
-2992,-2223,-264,-180,-410,-879,2,0,-1
-1719,-1528,-86,1122,1369,-878,2,0,-1
-967,727,-155,-739,-442,-1066,3,0,-1
-70,711,714,62,1360,336,3,0,-1
184,235,108,-495,-280,400,3,0,-1
-116,177,-8,-352,-281,-142,3,0,-1
-308,221,-180,-2,-114,-149,3,0,-1
-289,75,-140,-163,79,215,3,0,-1
-685,-426,-105,-632,-219,354,2,0,-1
-2897,-3997,-178,-529,-1510,1175,2,0,-1
-2982,-2192,-513,303,-1614,-1698,2,0,-1
-896,55,-91,-109,1614,-137,3,0,-1
218,566,592,-1332,-1848,634,3,0,-1
412,283,154,-18,437,237,3,0,-1
158,96,160,210,594,-343,3,0,-1
-340,187,-43,21,-312,-371,3,0,-1
-335,244,-85,82,93,186,3,0,-1
-474,-91,-145,197,114,638,3,0,-1
-2559,-3321,10,0,-1370,1535,2,0,-1
-2827,-2531,-368,277,-459,-576,2,0,-1
-1675,-859,-149,863,1324,-951,2,0,-1
-686,1049,1715,-100,964,-452,3,0,-1
220,261,-138,1450,1407,-102,3,0,-1
73,125,-21,-1728,-1182,37,3,0,-1
-281,226,8,-510,-397,-438,3,0,-1
-340,324,-20,61,256,-113,3,0,-1
-243,122,-35,226,240,469,3,0,-1
-766,-560,-114,-270,-258,819,3,0,-1
-3506,-3977,-195,-751,-2491,1110,2,0,-1
-2558,-2361,-379,875,114,-554,2,0,-1
-774,-138,218,-268,1084,-739,2,0,-1
278,744,696,-840,-245,88,3,0,-1
201,-34,79,417,240,532,3,0,-1
208,24,178,-72,166,-507,3,0,-1
-478,294,24,140,-53,-602,3,0,-1
-512,290,-60,492,452,268,3,0,-1
-568,-189,-162,722,787,886,2,0,-1
-2231,-2874,180,-508,-777,1224,2,0,-1
-3035,-2694,-221,-627,-1256,-803,2,0,-1
-1756,-755,-3,440,869,-826,2,0,-1
-260,504,110,-63,301,-244,3,0,-1
147,355,117,-300,330,419,3,0,-1
40,-20,142,-371,-191,420,3,0,-1
12,169,46,72,177,-43,3,0,-1
-221,288,-37,268,163,70,3,0,-1
-345,174,-111,57,84,448,2,0,-1
-939,-378,-112,36,283,858,2,0,-1
-2811,-3222,-109,-705,-1378,915,2,0,-1
-2982,-2080,-244,248,-228,-1016,2,0,-1
-1517,-404,-12,17,303,-984,2,0,-1
-252,583,7,-49,494,-567,3,0,-1
111,433,260,-394,280,139,3,0,-1
106,157,149,-336,-306,422,3,0,-1
234,102,90,655,424,44,3,0,-1
-196,186,-150,313,-281,-158,3,0,-1
-512,70,-164,-154,-285,247,3,0,-1
-1144,-394,-11,-116,-1,726,2,0,-1
-3420,-3215,41,-617,-1244,1266,2,0,-1
-2681,-1956,-209,1274,323,-539,2,0,-1
-1190,-144,-15,-6,286,-694,2,0,-1
4,626,-80,-592,-36,-107,2,0,-1
233,249,235,-947,116,185,2,0,-1
-11,70,170,-446,-132,-117,2,0,-1
-131,136,108,-9,131,-91,2,0,-1
-190,154,133,220,177,184,2,0,-1
-239,27,-27,272,127,319,2,0,-1
-1180,-1403,212,357,201,782,2,0,-1
-3209,-3300,-197,-54,-882,-1264,2,0,-1
-2819,-1151,-530,1054,321,-1471,2,0,-1
-949,611,-191,294,991,-60,3,0,-1
-176,373,11,-200,908,1057,3,0,-1
345,59,258,-854,-74,941,2,0,-1
552,146,144,-137,-190,205,2,0,-1
105,225,-57,17,-358,-275,2,0,-1
32,158,67,-273,-258,-70,2,0,-1
-412,-128,-24,116,-258,-109,2,0,-1
-2990,-3967,-79,-9,-1535,539,2,0,-1
-3677,-2163,-144,-810,-822,-1066,2,0,-1
-1984,-986,43,1030,1576,2,2,0,-1
-139,284,53,90,525,57,2,0,-1
178,478,224,-637,351,-46,2,0,-1
357,164,575,-737,-168,277,2,0,-1
26,193,141,501,-167,-338,3,0,-1
-271,251,-152,793,331,-206,3,0,-1
-287,112,-136,307,91,185,2,0,-1
-538,-215,-74,-112,-111,387,2,0,-1
-3734,-3997,-128,-877,-2648,743,2,0,-1
-2997,-2329,-337,369,519,-816,2,0,-1
-1548,-706,26,445,1515,-590,2,0,-1
-178,787,895,-771,51,46,3,0,-1
136,229,213,337,196,775,3,0,-1
542,194,146,-51,982,-50,2,0,-1
-117,224,16,51,-59,-483,3,0,-1
-250,310,-21,87,109,-58,3,0,-1
-335,122,-84,246,135,382,2,0,-1
-1213,-971,-137,120,235,713,2,0,-1
-3243,-3669,-12,-751,-1475,498,2,0,-1
-3051,-1723,-506,850,-236,-1116,2,0,-1
-1194,75,-102,360,1369,-852,3,0,-1
-89,714,348,-1514,-1624,371,3,0,-1
163,305,7,-74,-161,18,3,0,-1
-172,78,162,161,394,-123,3,0,-1
-318,225,-79,132,-133,49,3,0,-1
-233,179,-121,229,277,599,2,0,-1
-274,-151,-157,84,150,730,2,0,-1
-1785,-2522,167,-225,-847,1052,2,0,-1
-3177,-2582,-27,-1415,-1901,-920,2,0,-1
-2779,-1506,-156,1397,1160,-1041,2,0,-1
-937,263,-127,44,664,-786,3,0,-1
0,653,538,-935,772,105,3,0,-1
38,-242,-175,501,700,116,2,0,-1
44,233,-48,-258,-97,-522,3,0,-1
-415,314,-62,-316,-215,-380,3,0,-1
-349,216,86,-294,11,338,3,0,-1
-371,-227,-162,356,203,681,2,0,-1
-1914,-3092,24,510,-80,1135,2,0,-1
-3102,-2897,-522,-476,-1446,-980,2,0,-1
-1964,-904,-407,287,788,-1052,2,0,-1
-551,531,777,-467,-2982,422,3,0,-1
314,317,227,363,451,699,3,0,-1
478,17,37,-132,885,73,2,0,-1
-27,217,112,-9,88,-529,3,0,-1
-281,361,-14,9,-116,-213,3,0,-1
-313,181,-85,424,137,380,3,0,-1
-1237,-955,36,297,56,785,2,0,-1
-3210,-3527,-16,-723,-1687,13,2,0,-1
-3172,-1776,0,431,192,-446,2,0,-1
-1070,-937,53,952,922,263,2,0,-1
-60,289,-166,-325,-108,-175,2,0,-1
301,299,357,-845,322,-74,2,0,-1
178,230,462,-562,-657,-169,3,0,-1
-232,132,-9,629,-93,-220,3,0,-1
-284,128,-244,1023,600,42,3,0,-1
-229,26,-251,343,322,391,2,0,-1
-796,-715,91,-345,0,635,2,0,-1
-3502,-3538,13,-1283,-2291,86,2,0,-1
-2978,-1997,-77,747,711,-641,2,0,-1
-1223,-543,40,809,1537,-487,2,0,-1
69,361,-55,-536,-18,-102,2,0,-1
391,820,1418,-1529,-424,-289,3,0,-1
-28,379,50,382,599,-113,3,0,-1
-144,274,76,-28,73,-101,3,0,-1
-376,177,-27,147,154,228,3,0,-1
-331,-108,-54,105,265,602,2,0,-1
-2084,-2682,258,-174,-644,1067,2,0,-1
-3222,-2932,-259,-632,-1342,-513,2,0,-1
-1898,-1374,-275,1346,1430,-836,2,0,-1
-566,459,443,-1000,-146,-621,3,0,-1
-20,615,-84,1286,1534,165,3,0,-1
549,66,-11,-384,99,375,2,0,-1
-7,214,66,-550,-491,-749,3,0,-1
-514,452,-35,345,282,-107,3,0,-1
-427,12,-166,695,627,366,3,0,-1
-1270,-1255,46,-128,-245,679,2,0,-1
-3630,-3486,62,-1544,-2534,660,2,0,-1
-1845,-2453,-375,1331,661,-182,2,0,-1
-710,619,1954,-780,716,-1447,2,0,-1
-280,711,96,1621,1687,-206,3,0,-1
283,193,-145,-343,12,574,3,0,-1
157,21,-30,-306,16,102,2,0,-1
-160,315,-88,79,242,-282,3,0,-1
-174,146,-32,114,437,142,3,0,-1
-580,-100,39,219,317,314,2,0,-1
-2453,-2951,293,-196,-1432,877,2,0,-1
-3196,-2622,-94,72,-255,-581,2,0,-1
-1830,-1100,47,590,1043,-750,2,0,-1
-484,481,61,-565,108,-562,2,0,-1
203,461,273,-88,173,119,3,0,-1
88,-70,140,-228,145,149,3,0,-1
-129,168,-10,-217,-172,-630,3,0,-1
-333,315,-95,-257,12,-137,3,0,-1
-267,35,-14,48,213,487,3,0,-1
-1175,-620,-26,-120,-176,980,2,0,-1
-3166,-3455,-52,-600,-2008,1477,2,0,-1
-2696,-2372,-454,1582,-187,-691,2,0,-1
-1334,-399,-252,1071,1716,-1346,2,0,-1
-127,865,522,-989,276,-728,3,0,-1
-259,120,180,652,-429,636,3,0,-1
185,161,-7,-322,380,-144,3,0,-1
-281,229,-25,-174,103,-307,3,0,-1
-196,158,-27,21,186,238,3,0,-1
-309,-44,-165,-88,4,421,3,0,-1
-1386,-965,-19,-399,-72,875,2,0,-1
-3354,-3542,77,-1000,-1586,1168,2,0,-1
-2351,-2062,-532,2111,377,-838,2,0,-1
-1387,-71,-271,750,1255,-1625,2,0,-1
-140,870,354,-1210,-36,-191,3,0,-1
82,270,307,-237,33,494,3,0,-1
-98,72,25,238,-367,-117,3,0,-1
-351,254,-113,99,-190,-245,3,0,-1
-288,229,-124,20,-54,289,3,0,-1
-415,26,-55,-287,-163,475,2,0,-1
-1905,-2126,203,-359,-1112,1361,2,0,-1
-2992,-2967,-116,-978,-1166,8,2,0,-1
-2186,-1661,-344,1669,1232,-777,2,0,-1
-571,89,202,-333,668,-645,2,0,-1
160,481,165,-225,567,-11,2,0,-1
30,186,308,-491,-92,9,2,0,-1
-124,143,127,196,-165,67,2,0,-1
-135,248,-1,702,512,155,2,0,-1
-350,149,-119,539,459,366,2,0,-1
-1289,-613,-55,-70,-205,779,2,0,-1
-3210,-3150,-92,-1365,-2018,328,2,0,-1
-2773,-2126,-233,651,325,-508,2,0,-1
-1164,-350,-3,-51,715,-970,2,0,-1
-399,674,191,-1852,-944,249,2,0,-1
389,293,584,72,-44,1112,2,0,-1
73,353,-179,204,-470,-760,2,0,-1
-359,355,-249,-119,303,-661,2,0,-1
-206,126,395,-595,346,-259,3,0,-1
-300,-296,134,-280,-646,102,2,0,-1
-2237,-2113,-121,-744,-1113,497,2,0,-1
-3293,-2943,-527,955,-784,172,2,0,-1
-2136,-1784,-144,-10,14,198,2,0,-1
-111,92,921,-656,333,-570,2,0,-1
439,421,316,903,1218,-314,3,0,-1
-126,-34,103,-37,-103,-199,3,0,-1
-243,227,36,-7,-15,-275,3,0,-1
-177,225,127,525,528,12,3,0,-1
-163,239,-66,654,405,198,3,0,-1
-533,97,-1,330,443,270,3,0,-1
-3074,-2613,153,-106,-873,1432,2,0,-1
-2570,-2851,-307,67,-313,396,2,0,-1
-2153,-1059,-89,1014,814,-838,2,0,-1
-351,331,79,-216,-23,-73,2,0,-1
357,522,161,-716,49,145,2,0,-1
139,115,410,-687,-503,-46,2,0,-1
-293,166,163,63,-270,-204,2,0,-1
-490,220,-9,685,514,84,2,0,-1
-519,82,-67,609,620,483,2,0,-1
-1441,-702,93,-394,-65,922,2,0,-1
-2601,-2813,120,-1103,-1452,942,2,0,-1
-2517,-2185,-368,1506,610,-716,2,0,-1
-1324,-393,101,-32,381,-1308,2,0,-1
-237,637,137,-479,-102,-914,2,0,-1
-264,446,310,-577,-246,-120,3,0,-1
-256,148,123,171,-98,347,2,0,-1
-69,131,-4,697,585,125,2,0,-1
-236,206,-161,528,473,144,2,0,-1
-650,160,-143,56,348,270,2,0,-1
-1924,-1338,86,-604,-291,1269,2,0,-1
-2548,-2691,-171,-623,-1194,606,2,0,-1
-2497,-1958,-350,1429,1059,-668,2,0,-1
-1038,-127,343,-1040,-535,-914,2,0,-1
-121,510,310,-411,-2,-284,2,0,-1
117,245,350,-533,-375,197,2,0,-1
39,-4,165,332,139,172,2,0,-1
-211,-8,12,353,446,-44,2,0,-1
-371,93,-64,92,367,0,2,0,-1
-742,-71,-226,81,340,129,2,0,-1
-2071,-1924,-65,-412,-422,1136,2,0,-1
-2339,-2427,-112,-571,-1410,14,2,0,-1
-2471,-1275,-440,1428,443,-1317,2,0,-1
-996,328,142,-156,632,-959,2,0,-1
-21,539,324,-386,238,273,3,0,-1
377,232,292,-414,-268,755,2,0,-1
111,37,51,249,134,184,2,0,-1
-260,129,-53,-41,137,-111,2,0,-1
-497,76,1,-222,102,101,2,0,-1
-1374,-844,-139,201,-410,722,2,0,-1
-2861,-3315,-90,-1269,-1544,400,2,0,-1
-2872,-1972,-224,1042,401,-1092,2,0,-1
-1307,149,107,-86,767,-983,2,0,-1
270,567,342,-893,53,508,2,0,-1
435,272,458,-167,-44,459,2,0,-1
-30,32,5,725,216,15,2,0,-1
-223,149,-133,380,321,-169,2,0,-1
-183,167,-95,141,350,150,2,0,-1
-482,-37,-128,247,445,193,2,0,-1
-2180,-2418,47,-424,-931,1041,2,0,-1
-3587,-2655,-366,-722,-1096,-548,2,0,-1
-2429,-1077,-164,1053,939,-1029,2,0,-1
-177,234,328,-768,-125,-194,2,0,-1
194,490,400,-799,-294,44,3,0,-1
69,306,255,102,152,68,3,0,-1
58,82,146,487,564,-100,2,0,-1
-319,188,-119,286,-91,-319,3,0,-1
-471,183,-237,-196,-25,209,3,0,-1
-980,-225,-262,-534,160,941,2,0,-1
-3019,-3554,-305,-1022,-1416,1007,2,0,-1
-3300,-2128,-751,849,-611,-502,2,0,-1
-1480,-193,-172,1312,1584,-678,2,0,-1
-67,485,-6,-186,188,541,2,0,-1
451,155,456,-874,-68,658,2,0,-1
244,148,214,-254,-422,-7,2,0,-1
-5,117,67,-123,-317,29,2,0,-1
-149,218,2,-385,-172,381,2,0,-1
-596,164,2,-150,648,1185,2,0,-1
-1858,-510,-264,-294,767,1386,1,0,-1
-3993,-2502,-592,-759,-851,477,1,0,-1
-3740,-989,-843,992,-114,-959,1,0,-1
-158,1354,1582,-517,146,-728,2,0,-1
406,422,188,568,768,-171,2,0,-1
307,107,63,-909,-182,28,2,0,-1
81,42,-21,11,-72,-202,2,0,-1
25,209,-191,214,-45,-13,2,0,-1
70,170,-58,228,56,-148,2,0,-1
-226,343,41,74,-64,-36,2,0,-1
-1573,-324,-228,-80,604,284,2,0,-1
-3997,-3409,-458,-272,-604,30,1,0,-1
-3155,-1285,-507,919,-99,-654,2,0,-1
-594,225,909,-717,-427,-186,2,0,-1
243,582,-2,85,317,324,2,0,-1
506,13,243,-22,420,405,2,0,-1
185,-66,153,-37,-135,-76,2,0,-1
-162,84,-88,344,-58,-294,2,0,-1
-234,154,-96,258,-171,-30,2,0,-1
-416,97,-155,194,107,178,2,0,-1
-1996,-1557,207,-221,-166,594,2,0,-1
-3915,-2843,-263,-1201,-1398,-784,2,0,-1
-2181,-468,-216,1419,900,-867,2,0,-1
-116,484,79,-48,469,-42,2,0,-1
218,399,138,-45,372,142,2,0,-1
149,89,262,-454,-212,130,2,0,-1
-157,282,34,232,-249,-93,2,0,-1
-244,324,-103,548,388,191,2,0,-1
-129,11,31,600,435,492,2,0,-1
-776,-54,-82,-298,97,349,2,0,-1
-3667,-3402,-311,-573,-1204,385,2,0,-1
-3346,-1754,-406,-308,-436,-739,2,0,-1
-1182,-102,82,-258,313,-439,2,0,-1
-129,614,134,-593,273,139,2,0,-1
63,-17,213,-504,-483,914,2,0,-1
542,43,291,40,424,67,2,0,-1
-31,194,72,254,-118,-462,2,0,-1
-360,310,-19,-97,-116,-160,2,0,-1
-393,177,-77,478,231,401,2,0,-1
-1606,-1007,-273,462,341,498,2,0,-1
-3021,-3153,-533,-716,-1178,-506,2,0,-1
-2878,-1341,-448,738,200,-1223,2,0,-1
-970,262,66,324,583,-384,2,0,-1
18,590,508,657,1372,151,2,0,-1
-53,24,-15,333,-74,398,2,0,-1
197,203,-6,-449,-91,-406,2,0,-1
-185,455,38,-786,-506,-270,2,0,-1
-184,293,81,-403,-105,448,2,0,-1
-644,-136,-27,119,24,544,2,0,-1
-3174,-3059,-375,27,-577,513,2,0,-1
-3021,-2101,-614,933,190,-448,2,0,-1
-1379,-331,-43,183,854,-697,2,0,-1
-157,783,234,-655,-373,-108,2,0,-1
268,305,184,-275,223,719,2,0,-1
424,-230,186,-32,191,310,2,0,-1
-43,139,30,-94,-149,-438,2,0,-1
-252,434,-21,-209,-16,-133,2,0,-1
-417,147,-154,110,102,371,2,0,-1
-1757,-1254,-165,-366,-380,571,2,0,-1
-3599,-2454,-624,-545,-1290,-263,2,0,-1
-2297,-1650,-362,1306,908,-431,2,0,-1
-767,213,91,-264,18,-478,2,0,-1
160,624,294,-185,513,-39,2,0,-1
286,151,335,-812,-515,319,2,0,-1
-66,29,42,128,33,-38,2,0,-1
-325,196,-46,450,455,-49,2,0,-1
-241,240,-60,283,216,410,2,0,-1
-394,25,-74,23,158,588,2,0,-1
-2367,-2199,-133,-153,-989,973,2,0,-1
-3691,-2457,-535,-1343,-1133,-737,2,0,-1
-2595,-1205,-361,883,592,-917,2,0,-1
-673,363,124,-372,282,-280,2,0,-1
3,574,91,-30,634,179,2,0,-1
484,216,283,-548,3,721,2,0,-1
255,88,148,63,-52,160,2,0,-1
-90,201,-79,270,-28,-47,2,0,-1
-168,266,52,-81,39,135,2,0,-1
-492,118,45,34,-109,361,2,0,-1
-2247,-2288,131,-61,-739,909,2,0,-1
-3700,-2277,-441,-533,-1039,-701,2,0,-1
-2596,-1502,-301,1561,1016,-794,2,0,-1
-941,150,0,-483,-235,-694,2,0,-1
-62,954,159,-44,439,-266,2,0,-1
86,488,401,-519,-46,604,2,0,-1
103,130,221,79,99,314,2,0,-1
-244,237,74,495,-113,161,2,0,-1
-469,306,-68,692,84,803,2,0,-1
-1080,111,-235,490,582,886,2,0,-1
-2371,-1742,59,-728,-514,1127,1,0,-1
-2702,-2277,-405,59,-525,-430,1,0,-1
-2576,-844,-91,564,526,-1533,1,0,-1
-764,519,10,296,-81,-448,2,0,-1
-119,496,-16,224,315,60,2,0,-1
-101,279,186,-626,-161,470,2,0,-1
-13,237,98,-16,255,312,2,0,-1
-49,276,33,161,208,277,2,0,-1
-265,201,-15,-2,8,508,1,0,-1
-1248,-167,-88,-53,-72,522,1,0,-1
-3110,-2089,-181,-348,-525,640,1,0,-1
-3193,-1647,-391,729,-101,-572,1,0,-1
-2038,-236,-329,1561,459,-1237,1,0,-1
-275,488,-140,72,319,-249,1,0,-1
114,318,163,-686,-135,-51,2,0,-1
79,257,241,-1056,-457,408,1,0,-1
125,271,200,-350,-189,-43,1,0,-1
-220,326,50,-76,-281,140,1,0,-1
-653,359,-33,331,-18,498,1,0,-1
-2091,-429,-162,269,-14,958,1,0,-1
-3362,-2058,78,-1078,-592,452,1,0,-1
-3023,-1142,-215,1145,93,-655,1,0,-1
-1015,329,-13,21,154,-791,1,0,-1
89,352,151,-739,303,-346,1,0,-1
128,256,293,-912,-60,-190,1,0,-1
3,269,90,450,355,42,1,0,-1
-162,170,-98,740,389,165,1,0,-1
-611,189,-259,369,26,369,1,0,-1
-2318,-1133,-168,65,-244,826,1,0,-1
-3748,-2099,-360,-779,-803,-431,1,0,-1
-2871,-931,-272,862,573,-1024,1,0,-1
-779,395,205,-577,-284,-253,2,0,-1
90,599,156,-184,273,-210,2,0,-1
129,246,166,-336,34,189,2,0,-1
174,102,181,-280,37,42,2,0,-1
-176,222,-10,120,14,-36,2,0,-1
-206,103,-11,-81,88,120,2,0,-1
-874,-108,21,-158,16,205,2,0,-1
-2998,-2102,-174,-203,-693,709,1,0,-1
-3091,-2066,-211,188,-262,-366,1,0,-1
-2449,-630,-160,897,112,-833,2,0,-1
-358,461,-43,-227,-14,-253,2,0,-1
186,470,-17,-245,119,-161,2,0,-1
19,376,78,-611,60,173,2,0,-1
158,183,239,305,240,250,2,0,-1
-161,283,-107,209,-122,153,2,0,-1
-412,209,-113,178,107,390,2,0,-1
-1154,63,-189,-162,51,821,1,0,-1
-3225,-2296,118,-926,-707,628,1,0,-1
-3282,-1809,-486,794,-144,-469,1,0,-1
-2148,-632,-312,1079,417,-1226,1,0,-1
-567,516,106,-655,23,-874,2,0,-1
37,574,270,-518,273,-410,2,0,-1
108,125,256,-616,-350,388,2,0,-1
-58,127,120,173,-84,-89,2,0,-1
-292,364,-66,176,161,91,2,0,-1
-409,250,-230,560,449,424,2,0,-1
-1536,-263,-105,-187,503,620,2,0,-1
-2520,-2146,-105,-630,-599,625,1,0,-1
